"model","calibration_set","relative_path","file_size_bytes","sha256","recommended_for_baidu_backup","recommended_for_github","note"
"bear_yolov8n_x5_640","bear_calibration_images","models\bear_yolov8n_x5_640\calibration\bear_calibration_images\001_Image_20260423094829295_orig.jpg","167130","79354e18cdec25373f228ea1add5e4a6f78eecb20ac195eb7ec96984873820db","yes","no","bear calibration image"
"bear_yolov8n_x5_640","bear_calibration_images","models\bear_yolov8n_x5_640\calibration\bear_calibration_images\002_Image_20260423094842991_orig.jpg","176011","02e5b510c2f0b9da96bfbe26fffd6858883a4193054e328d420e1381d7969a96","yes","no","bear calibration image"
"bear_yolov8n_x5_640","bear_calibration_images","models\bear_yolov8n_x5_640\calibration\bear_calibration_images\003_Image_20260423094928263_orig.jpg","168893","0f609b8f0a03777ab95d41d9b3176c705a4811c7ca22d7443fdb3df817facb03","yes","no","bear calibration image"
"bear_yolov8n_x5_640","bear_calibration_images","models\bear_yolov8n_x5_640\calibration\bear_calibration_images\004_Image_20260423094935735_orig.jpg","162701","609ca9448482f5edc9bb841bc8d394ce1502fcf1c207649f71f5d0838b4c7fd9","yes","no","bear calibration image"
"bear_yolov8n_x5_640","bear_calibration_images","models\bear_yolov8n_x5_640\calibration\bear_calibration_images\005_Image_20260423094955231_orig.jpg","175732","e9d67c713eab42e039e79c89ee66a9d5d533f327c1c6ea8b80d2583fb19d91a7","yes","no","bear calibration image"
"bear_yolov8n_x5_640","bear_calibration_images","models\bear_yolov8n_x5_640\calibration\bear_calibration_images\006_Image_20260423094957703_orig.jpg","172634","0566f9515cd09694ad5d10a4aa5a86a6600081f0b0478ddf838d0161c181a167","yes","no","bear calibration image"
"bear_yolov8n_x5_640","bear_calibration_images","models\bear_yolov8n_x5_640\calibration\bear_calibration_images\007_Image_20260423095018608_orig.jpg","175125","99a9e47bcd4c12a44ad8027d7553fe463f664ca234e80fa1e7c5ccb8700be0c0","yes","no","bear calibration image"
"bear_yolov8n_x5_640","bear_calibration_images","models\bear_yolov8n_x5_640\calibration\bear_calibration_images\008_Image_20260423095115047_orig.jpg","180219","32597ab6db8e63b10fde0364efd8860958166faaee353a1521a718e6387e4ff5","yes","no","bear calibration image"
"bear_yolov8n_x5_640","bear_calibration_images","models\bear_yolov8n_x5_640\calibration\bear_calibration_images\009_Image_20260423095122367_orig.jpg","181876","b66fabfa83dd1232de028e30e39ff64707f3f74c0ede4a334957505565832697","yes","no","bear calibration image"
"bear_yolov8n_x5_640","bear_calibration_images","models\bear_yolov8n_x5_640\calibration\bear_calibration_images\010_Image_20260423095130453_orig.jpg","180528","39c96a94b14b44d56f8e8a3eeea1a3d5f2e99bfa36cc14eba13419ba9c9b4243","yes","no","bear calibration image"
"bear_yolov8n_x5_640","bear_calibration_images","models\bear_yolov8n_x5_640\calibration\bear_calibration_images\011_Image_20260423095233547_orig.jpg","196790","95ff48bc6edc054d3780fb058eb319f93701ee6866a11a28269c7650af01d441","yes","no","bear calibration image"
"bear_yolov8n_x5_640","bear_calibration_images","models\bear_yolov8n_x5_640\calibration\bear_calibration_images\012_Image_20260423095350894_orig.jpg","166225","5a16815307aa801850489f0b534a88710b37415982bd288a0b10e298424cc55d","yes","no","bear calibration image"
"bear_yolov8n_x5_640","bear_calibration_images","models\bear_yolov8n_x5_640\calibration\bear_calibration_images\013_Image_20260423095416088_orig.jpg","169969","934f3984b8eee1923bf2f9739b93b7891e2c9c24a4cd22ef41c76c9961e1e44b","yes","no","bear calibration image"
"bear_yolov8n_x5_640","bear_calibration_images","models\bear_yolov8n_x5_640\calibration\bear_calibration_images\014_Image_20260423095816727_orig.jpg","120516","0731fa88391c5553372f7d844d36df6d0d0da1b7a1b195f00212e89e686036ca","yes","no","bear calibration image"
"bear_yolov8n_x5_640","bear_calibration_images","models\bear_yolov8n_x5_640\calibration\bear_calibration_images\015_Image_20260423095836743_orig.jpg","152674","20c870d6d5c30c7927c567612ad614a33d8903adafdfec5a1aa573ab676a7df0","yes","no","bear calibration image"
"bear_yolov8n_x5_640","bear_calibration_images","models\bear_yolov8n_x5_640\calibration\bear_calibration_images\016_Image_20260423095854110_orig.jpg","141756","03b540d0b4d3985b9a690f59629243339776179ff4e3fa5ec6b59724691bff24","yes","no","bear calibration image"
"bear_yolov8n_x5_640","bear_calibration_images","models\bear_yolov8n_x5_640\calibration\bear_calibration_images\017_Image_20260423095909941_orig.jpg","149805","7158595f24b745f0b456c11cedd56215ead12aea5d73e197185a30e3f8a1b250","yes","no","bear calibration image"
"bear_yolov8n_x5_640","bear_calibration_images","models\bear_yolov8n_x5_640\calibration\bear_calibration_images\018_Image_20260423095922214_orig.jpg","141104","df2ad9498798bac8ca466a1504342acc1e3105383f4e14f594a75b5e5b30e89d","yes","no","bear calibration image"
"bear_yolov8n_x5_640","bear_calibration_images","models\bear_yolov8n_x5_640\calibration\bear_calibration_images\019_Image_20260423095928423_orig.jpg","159613","a60229075ee82e633d3d9d370e567c6bee6a100bf9ecc1af60a816e86332557a","yes","no","bear calibration image"
"bear_yolov8n_x5_640","bear_calibration_images","models\bear_yolov8n_x5_640\calibration\bear_calibration_images\020_Image_20260423095930934_orig.jpg","159855","36b3d7911908248cc9010a05f4b93404263494200d81e5e71c8fb11e9d2a22e8","yes","no","bear calibration image"
"bear_yolov8n_x5_640","bear_calibration_images","models\bear_yolov8n_x5_640\calibration\bear_calibration_images\021_Image_20260423095937957_orig.jpg","162402","74799fa6b21cae2a2f1e78ee16ac79eefc48c3bf60bc0efc6f47a562e1402368","yes","no","bear calibration image"
"bear_yolov8n_x5_640","bear_calibration_images","models\bear_yolov8n_x5_640\calibration\bear_calibration_images\022_Image_20260423100136390_orig.jpg","148205","2773383e9345faf5bad5c7b422e12e595eb230e6f43c054fc984aa9f6eff7571","yes","no","bear calibration image"
"bear_yolov8n_x5_640","bear_calibration_images","models\bear_yolov8n_x5_640\calibration\bear_calibration_images\023_Image_20260423100224735_orig.jpg","155158","521d67c29fdce5b1e9d4825877bd046ef049f15cb1fb26324fe1d0cc0bb0672e","yes","no","bear calibration image"
"bear_yolov8n_x5_640","bear_calibration_images","models\bear_yolov8n_x5_640\calibration\bear_calibration_images\024_Image_20260423100324319_orig.jpg","167669","32c8b26235815da0c9673447732e4b206855ec73dbd6e7c41229858b9daad011","yes","no","bear calibration image"
"bear_yolov8n_x5_640","bear_calibration_images","models\bear_yolov8n_x5_640\calibration\bear_calibration_images\025_Image_20260423100333614_orig.jpg","159087","9cef86cecd3dc5fbe0d53f293dd9212b348c7b9da5459c032521d458c58e79a9","yes","no","bear calibration image"
"bear_yolov8n_x5_640","bear_calibration_images","models\bear_yolov8n_x5_640\calibration\bear_calibration_images\026_Image_20260423100335952_orig.jpg","161145","05a6a269d8a4f9e9a56843caf4139a09845b5c1e3d4aa4c528aa2545d126a86d","yes","no","bear calibration image"
"bear_yolov8n_x5_640","bear_calibration_images","models\bear_yolov8n_x5_640\calibration\bear_calibration_images\027_Image_20260423100348635_orig.jpg","165229","4a61fe2a1147ccddec749fb62723784a37ff1eda46311d49b3250970b56ef5ad","yes","no","bear calibration image"
"bear_yolov8n_x5_640","bear_calibration_images","models\bear_yolov8n_x5_640\calibration\bear_calibration_images\028_Image_20260423100433524_orig.jpg","150480","83fbe2427faef1cd4dedff1678496f30f277dfdbbaedc9395716e6beb8cac367","yes","no","bear calibration image"
"bear_yolov8n_x5_640","bear_calibration_images","models\bear_yolov8n_x5_640\calibration\bear_calibration_images\029_Image_20260423100504746_orig.jpg","141089","d155b372339546faa59e8284a2b145b1cb3d7026366331271f1ed21557dc1640","yes","no","bear calibration image"
"bear_yolov8n_x5_640","bear_calibration_images","models\bear_yolov8n_x5_640\calibration\bear_calibration_images\030_Image_20260423100516263_orig.jpg","175111","92a5bcfc34186ab87c3065bfead7017b8b2c941b6e5d65e4226b181a244d4bfb","yes","no","bear calibration image"
"bear_yolov8n_x5_640","bear_calibration_images","models\bear_yolov8n_x5_640\calibration\bear_calibration_images\031_Image_20260423101412550_orig.jpg","211069","f4424b13d686a75dc40630dc60d9bb794f2d89cb80b7de6ff0be071c15819158","yes","no","bear calibration image"
"bear_yolov8n_x5_640","bear_calibration_images","models\bear_yolov8n_x5_640\calibration\bear_calibration_images\032_Image_20260423094826655_orig.jpg","169637","0a0e1a70458b459d5fb73c6cc0342fe9207777dadd0b697bf543a7e107d93eb3","yes","no","bear calibration image"
"bear_yolov8n_x5_640","bear_calibration_images","models\bear_yolov8n_x5_640\calibration\bear_calibration_images\033_Image_20260423094831847_orig.jpg","171695","e1a9436c6aaa0d413457c40e2b0506451998af8de86a44b1b19be2afc66b9c51","yes","no","bear calibration image"
"bear_yolov8n_x5_640","bear_calibration_images","models\bear_yolov8n_x5_640\calibration\bear_calibration_images\034_Image_20260423094834231_orig.jpg","170101","2a49e4be883d3f41aba767184b8ebfa09949f78dfe783d056d4b68d3c0a865bc","yes","no","bear calibration image"
"bear_yolov8n_x5_640","bear_calibration_images","models\bear_yolov8n_x5_640\calibration\bear_calibration_images\035_Image_20260423094837134_orig.jpg","167090","72fe25598bdc8d064551d817bf7ebe7e344874b74ae7e84152f375bc2502a321","yes","no","bear calibration image"
"bear_yolov8n_x5_640","bear_calibration_images","models\bear_yolov8n_x5_640\calibration\bear_calibration_images\036_Image_20260423094839775_orig.jpg","167881","ad008cf525014bad0b97678fa500e756210a3c03f7a6690dd5442f60013b8d53","yes","no","bear calibration image"
"bear_yolov8n_x5_640","bear_calibration_images","models\bear_yolov8n_x5_640\calibration\bear_calibration_images\037_Image_20260423094845327_orig.jpg","164831","e47cd596fe2b89957ec28ce909515b47b5f54c729243396ca763b23b1c0f570a","yes","no","bear calibration image"
"bear_yolov8n_x5_640","bear_calibration_images","models\bear_yolov8n_x5_640\calibration\bear_calibration_images\038_Image_20260423094847631_orig.jpg","162878","1207c820c5e831be11ce43a5f75d8a4e98461275194a0a933489cdd32a88a877","yes","no","bear calibration image"
"bear_yolov8n_x5_640","bear_calibration_images","models\bear_yolov8n_x5_640\calibration\bear_calibration_images\039_Image_20260423094904856_orig.jpg","170770","6bc628af527515d0b49aa21c415d300f4661ef75507b941db64489087287fe44","yes","no","bear calibration image"
"bear_yolov8n_x5_640","bear_calibration_images","models\bear_yolov8n_x5_640\calibration\bear_calibration_images\040_Image_20260423094907255_orig.jpg","171102","5516d11e2ab290090157f651fd22701410cdbefef9f53cfbf0c8934a979afc58","yes","no","bear calibration image"
"bear_yolov8n_x5_640","bear_calibration_images","models\bear_yolov8n_x5_640\calibration\bear_calibration_images\041_Image_20260423094909666_orig.jpg","169336","d44cc79e7f41b66e113db0386fe0a64365ed20df46aa5b7ec0103ea36e42a575","yes","no","bear calibration image"
"bear_yolov8n_x5_640","bear_calibration_images","models\bear_yolov8n_x5_640\calibration\bear_calibration_images\042_Image_20260423094912751_orig.jpg","171282","489abe883f42563c43a3104aed74c25b67f7e0b0fda49bcfcdb00b80fcec5ec0","yes","no","bear calibration image"
"bear_yolov8n_x5_640","bear_calibration_images","models\bear_yolov8n_x5_640\calibration\bear_calibration_images\043_Image_20260423094915790_orig.jpg","170698","da5392a8d39a80f553acbe54a139783b2e6e31335502e9ca63046563ba5bafc2","yes","no","bear calibration image"
"bear_yolov8n_x5_640","bear_calibration_images","models\bear_yolov8n_x5_640\calibration\bear_calibration_images\044_Image_20260423094918062_orig.jpg","169562","d211a05d416a7561b342cc886c0e9c77c78f42e13ee9e18ee3f5040f1d5bbfda","yes","no","bear calibration image"
"bear_yolov8n_x5_640","bear_calibration_images","models\bear_yolov8n_x5_640\calibration\bear_calibration_images\045_Image_20260423094920991_orig.jpg","167610","6a47defb3ab68e5a2318dff4abaa1984cb7a0b7e201bf24c34d22893aa264bee","yes","no","bear calibration image"
"bear_yolov8n_x5_640","bear_calibration_images","models\bear_yolov8n_x5_640\calibration\bear_calibration_images\046_Image_20260423094923519_orig.jpg","168714","84e8f2db4f8e15c10a0195ca0570f140e26de2667cc9804c832af3122f22939a","yes","no","bear calibration image"
"bear_yolov8n_x5_640","bear_calibration_images","models\bear_yolov8n_x5_640\calibration\bear_calibration_images\047_Image_20260423094925790_orig.jpg","169237","cd2148a334a9f712a4d9d716c85ac180e6e381507122f75e3344e3e70eebfddd","yes","no","bear calibration image"
"bear_yolov8n_x5_640","bear_calibration_images","models\bear_yolov8n_x5_640\calibration\bear_calibration_images\048_Image_20260423094930703_orig.jpg","167393","c98945acd1cdef945501a8389f8ad775e1483074588d2771610f4da8b6b0b124","yes","no","bear calibration image"
"bear_yolov8n_x5_640","bear_calibration_images","models\bear_yolov8n_x5_640\calibration\bear_calibration_images\049_Image_20260423094933482_orig.jpg","168554","f0a44ed5423d5cad057b68839023fd49a4cf6e5d53f0327842fea9ebc62f04d3","yes","no","bear calibration image"
"bear_yolov8n_x5_640","bear_calibration_images","models\bear_yolov8n_x5_640\calibration\bear_calibration_images\050_Image_20260423094938130_orig.jpg","166569","767c570f176fd39e559d6970745e733c92009f450031ae207c2201cae516f6bf","yes","no","bear calibration image"
"bear_yolov8n_x5_640","bear_calibration_images","models\bear_yolov8n_x5_640\calibration\bear_calibration_images\051_Image_20260423094940903_orig.jpg","169979","95a74f8ce35b78c96827329a58dc1701d95bd19bdfac0679c0d9fbfb07ae1a6d","yes","no","bear calibration image"
"bear_yolov8n_x5_640","bear_calibration_images","models\bear_yolov8n_x5_640\calibration\bear_calibration_images\052_Image_20260423094943612_orig.jpg","166888","e1c1d4c8ba774857a31670be99aca5ea0cd6ce76e824ee738b994f61ac8ae641","yes","no","bear calibration image"
"bear_yolov8n_x5_640","bear_calibration_images","models\bear_yolov8n_x5_640\calibration\bear_calibration_images\053_Image_20260423094946967_orig.jpg","170284","2e55cab6cf19ffaa347b1bc8daa1f435d9d43a6fc0de396c5ad8a66d4e40d1f4","yes","no","bear calibration image"
"bear_yolov8n_x5_640","bear_calibration_images","models\bear_yolov8n_x5_640\calibration\bear_calibration_images\054_Image_20260423094952663_orig.jpg","173106","693401d192047f734de723605f376e36663dc74e14e6e019e5ea1c6694482061","yes","no","bear calibration image"
"bear_yolov8n_x5_640","bear_calibration_images","models\bear_yolov8n_x5_640\calibration\bear_calibration_images\055_Image_20260423095000295_orig.jpg","180002","9cdc0615afaf1bdc4e883d0a2fd87838d26017d32f22e82bd03845766a5493c0","yes","no","bear calibration image"
"bear_yolov8n_x5_640","bear_calibration_images","models\bear_yolov8n_x5_640\calibration\bear_calibration_images\056_Image_20260423095002816_orig.jpg","175839","82a79d9971eecf38ea3f6b60bb0b2a817b55be768ad0128fd3f3699da34b9d75","yes","no","bear calibration image"
"bear_yolov8n_x5_640","bear_calibration_images","models\bear_yolov8n_x5_640\calibration\bear_calibration_images\057_Image_20260423095014431_orig.jpg","182099","5676441d1f29daa605a405a4214a1d10ad9691b0bf15d2d5ee6ca6a4b71088b6","yes","no","bear calibration image"
"bear_yolov8n_x5_640","bear_calibration_images","models\bear_yolov8n_x5_640\calibration\bear_calibration_images\058_Image_20260423095021032_orig.jpg","187947","966a4ed48b30748adf06f69a241c5948ac9170141cb1629077b0fe674fcbd980","yes","no","bear calibration image"
"bear_yolov8n_x5_640","bear_calibration_images","models\bear_yolov8n_x5_640\calibration\bear_calibration_images\059_Image_20260423095024592_orig.jpg","178739","fba6ff5e316891e9925f9bfb8060669b6f648344790c1bce1ec5874941d29f57","yes","no","bear calibration image"
"bear_yolov8n_x5_640","bear_calibration_images","models\bear_yolov8n_x5_640\calibration\bear_calibration_images\060_Image_20260423095045811_orig.jpg","182281","ddb8c7cc9d229d54b0e938e05ac0d27097194bd22ea3736eba2aedbc825e26ae","yes","no","bear calibration image"
"bear_yolov8n_x5_640","bear_calibration_images","models\bear_yolov8n_x5_640\calibration\bear_calibration_images\061_Image_20260423095051994_orig.jpg","165347","c4f33c4fbafdebb4182f00037fe1d1fbba7068b2ee872fc23e44436fcb2d5daa","yes","no","bear calibration image"
"bear_yolov8n_x5_640","bear_calibration_images","models\bear_yolov8n_x5_640\calibration\bear_calibration_images\062_Image_20260423095054191_orig.jpg","163458","a81a8539d6a9cb86f55daa7d763abf9f96d8fd84cc0c030983046b777cfe1e2b","yes","no","bear calibration image"
"bear_yolov8n_x5_640","bear_calibration_images","models\bear_yolov8n_x5_640\calibration\bear_calibration_images\063_Image_20260423095059567_orig.jpg","164915","10426091754d065fe9d00f351614f97977eb6700e1fce0351d634726e924a5dc","yes","no","bear calibration image"
"bear_yolov8n_x5_640","bear_calibration_images","models\bear_yolov8n_x5_640\calibration\bear_calibration_images\064_Image_20260423095101793_orig.jpg","161834","653a2dae529cce6854c9a5ead6b0a91c84d51c9ce2aa917db0046cd8f25f44de","yes","no","bear calibration image"
"bear_yolov8n_x5_640","bear_calibration_images","models\bear_yolov8n_x5_640\calibration\bear_calibration_images\065_Image_20260423095109743_orig.jpg","175278","47ce4143069faf105a134033c33a99c5dc8063370f4aac41d28f969473d2c4b4","yes","no","bear calibration image"
"bear_yolov8n_x5_640","bear_calibration_images","models\bear_yolov8n_x5_640\calibration\bear_calibration_images\066_Image_20260423095112207_orig.jpg","188352","9aa0013ce44a1d204ef1266f72a3b7d339208233ec17a3a27eeb5f7793fba7ad","yes","no","bear calibration image"
"bear_yolov8n_x5_640","bear_calibration_images","models\bear_yolov8n_x5_640\calibration\bear_calibration_images\067_Image_20260423095117247_orig.jpg","177882","3f3c101c26f601b80ffcfcf6af6b8357a5f0333139eff34c4201753807fb2995","yes","no","bear calibration image"
"bear_yolov8n_x5_640","bear_calibration_images","models\bear_yolov8n_x5_640\calibration\bear_calibration_images\068_Image_20260423095119880_orig.jpg","183472","41b3d3ab0d6950dec0c2b40a489a7b6f952e04401bbb9b1c344ee74939170eeb","yes","no","bear calibration image"
"bear_yolov8n_x5_640","bear_calibration_images","models\bear_yolov8n_x5_640\calibration\bear_calibration_images\069_Image_20260423095124903_orig.jpg","183742","dc7b73563ac27a9f9de45ce984a5a8a29235753d112d0408be3bbc5bc357b8a2","yes","no","bear calibration image"
"bear_yolov8n_x5_640","bear_calibration_images","models\bear_yolov8n_x5_640\calibration\bear_calibration_images\070_Image_20260423095127551_orig.jpg","182682","55f656dfff9a62c8c8364c3ad97b46eba506c2a273612f53fccc34fbe6559559","yes","no","bear calibration image"
"bear_yolov8n_x5_640","bear_calibration_images","models\bear_yolov8n_x5_640\calibration\bear_calibration_images\071_Image_20260423095138383_orig.jpg","178715","29882669145dc438948730d5e4815d3d9ad2598ae1e02571b22ce0e1c75ddc03","yes","no","bear calibration image"
"bear_yolov8n_x5_640","bear_calibration_images","models\bear_yolov8n_x5_640\calibration\bear_calibration_images\072_Image_20260423095140735_orig.jpg","177350","44091b3c4a964f7994e193158dbdaade759f56c8e84438414530e15f0820540a","yes","no","bear calibration image"
"bear_yolov8n_x5_640","bear_calibration_images","models\bear_yolov8n_x5_640\calibration\bear_calibration_images\073_Image_20260423095143337_orig.jpg","177818","02ad37a16a1e1b07ee5a47cccddaab84f00f74294d9f0146899b883f59051008","yes","no","bear calibration image"
"bear_yolov8n_x5_640","bear_calibration_images","models\bear_yolov8n_x5_640\calibration\bear_calibration_images\074_Image_20260423095145808_orig.jpg","180281","e6083b27b870c4d35b43ea79e8c6c644a4cc4d757b39e804359a543f71ec0f74","yes","no","bear calibration image"
"bear_yolov8n_x5_640","bear_calibration_images","models\bear_yolov8n_x5_640\calibration\bear_calibration_images\075_Image_20260423095148240_orig.jpg","179232","15ce23c5625712ea825df1edc5187817ecbb1e16bf4d66f2a61a404f4a7ce22c","yes","no","bear calibration image"
"bear_yolov8n_x5_640","bear_calibration_images","models\bear_yolov8n_x5_640\calibration\bear_calibration_images\076_Image_20260423095152119_orig.jpg","179639","24833b19fc1a33da47fe57e1cd1f48c21c45450913fd102d5c725d0ac56093eb","yes","no","bear calibration image"
"bear_yolov8n_x5_640","bear_calibration_images","models\bear_yolov8n_x5_640\calibration\bear_calibration_images\077_Image_20260423095207631_orig.jpg","175509","bee481f89023e66ea12223a05813e5bae196b8baf7225cfc7a288fb580874be7","yes","no","bear calibration image"
"bear_yolov8n_x5_640","bear_calibration_images","models\bear_yolov8n_x5_640\calibration\bear_calibration_images\078_Image_20260423095210248_orig.jpg","175342","97ac6d564b9b4492b8dd8efd8b0011d9e177e5e73f94b3cecb66742dcb9c0e9d","yes","no","bear calibration image"
"bear_yolov8n_x5_640","bear_calibration_images","models\bear_yolov8n_x5_640\calibration\bear_calibration_images\079_Image_20260423095231007_orig.jpg","177175","3115a082dcaeb85a445147d7e1d69a25c88f18412977551fa62a984c0748ae57","yes","no","bear calibration image"
"bear_yolov8n_x5_640","bear_calibration_images","models\bear_yolov8n_x5_640\calibration\bear_calibration_images\080_Image_20260423095236055_orig.jpg","192737","b7d1d2992dcb807cc8a61dad4a1114685067f752a815cd5af25146b43cdda5e9","yes","no","bear calibration image"
"bear_yolov8n_x5_640","bear_calibration_images","models\bear_yolov8n_x5_640\calibration\bear_calibration_images\081_Image_20260423095238448_orig.jpg","193341","8bb2d0662b0487b6f7db16adf5a89a97d6f3541af916b8f808b5d194ad50b396","yes","no","bear calibration image"
"bear_yolov8n_x5_640","bear_calibration_images","models\bear_yolov8n_x5_640\calibration\bear_calibration_images\082_Image_20260423095240679_orig.jpg","183845","e83533e66ac4add8683e898360fbf9634bd6ac78b62c9d2f45a1dcc71531b962","yes","no","bear calibration image"
"bear_yolov8n_x5_640","bear_calibration_images","models\bear_yolov8n_x5_640\calibration\bear_calibration_images\083_Image_20260423095243568_orig.jpg","193435","e938f86900b4f90ec4388f469ed3a2d5f2174a90e1185cc97ab07dc998269096","yes","no","bear calibration image"
"bear_yolov8n_x5_640","bear_calibration_images","models\bear_yolov8n_x5_640\calibration\bear_calibration_images\084_Image_20260423095246047_orig.jpg","199035","29590c5202f43acedbafedc5d5a8476e182f22e33ec3d8fbfcda2cd653369104","yes","no","bear calibration image"
"bear_yolov8n_x5_640","bear_calibration_images","models\bear_yolov8n_x5_640\calibration\bear_calibration_images\085_Image_20260423095248502_orig.jpg","191079","5a0963a029d8c7e0bf05d3749dd33c9ecb6cb674e87c1f70e5cf29dd917ea3cb","yes","no","bear calibration image"
"bear_yolov8n_x5_640","bear_calibration_images","models\bear_yolov8n_x5_640\calibration\bear_calibration_images\086_Image_20260423095252647_orig.jpg","181539","6a42aa9b916b8f371dc9aa27b5f844a8c83f2fbec6969a94854c678097e79410","yes","no","bear calibration image"
"bear_yolov8n_x5_640","bear_calibration_images","models\bear_yolov8n_x5_640\calibration\bear_calibration_images\087_Image_20260423095255247_orig.jpg","185501","718af2ab2481853b4e51792e86454ee4d61f1fdda808e2544e4229b71e9d0798","yes","no","bear calibration image"
"bear_yolov8n_x5_640","bear_calibration_images","models\bear_yolov8n_x5_640\calibration\bear_calibration_images\088_Image_20260423095257472_orig.jpg","185231","c60b903e3419fecfedddf78d5548ae475ba5a372db28fc50f5c1da7331255e5d","yes","no","bear calibration image"
"bear_yolov8n_x5_640","bear_calibration_images","models\bear_yolov8n_x5_640\calibration\bear_calibration_images\089_Image_20260423095300264_orig.jpg","191308","179bca71d5ac2c034e436d48e2a5a2fb17e88d31c51cf843ab2d612947d78e1e","yes","no","bear calibration image"
"bear_yolov8n_x5_640","bear_calibration_images","models\bear_yolov8n_x5_640\calibration\bear_calibration_images\090_Image_20260423095302799_orig.jpg","190060","9b5c008feaaee9844f0e5c11698e3ae56523e134c6fa2b2f974b77fc4fae8e97","yes","no","bear calibration image"
"bear_yolov8n_x5_640","bear_calibration_images","models\bear_yolov8n_x5_640\calibration\bear_calibration_images\091_Image_20260423095305138_orig.jpg","185225","404896dab582f99c6ba057cf8cf03bd59a8adb5306fe717941e3506e0dbc2b75","yes","no","bear calibration image"
"bear_yolov8n_x5_640","bear_calibration_images","models\bear_yolov8n_x5_640\calibration\bear_calibration_images\092_Image_20260423095337079_orig.jpg","175142","e1bc99e3d053d4c394f602e324b270672f0180c13d764f0c953050413570d2f7","yes","no","bear calibration image"
"bear_yolov8n_x5_640","bear_calibration_images","models\bear_yolov8n_x5_640\calibration\bear_calibration_images\093_Image_20260423095339567_orig.jpg","179576","7a2f3fad59643a351cb55693630076f1dc5c3f5d12dbc248d000172ce95c7f82","yes","no","bear calibration image"
"bear_yolov8n_x5_640","bear_calibration_images","models\bear_yolov8n_x5_640\calibration\bear_calibration_images\094_Image_20260423095341783_orig.jpg","178894","26901b7b4a92276ec1043a9ef7280ea081800b2fdda7bef3a3cdecccffe31c75","yes","no","bear calibration image"
"bear_yolov8n_x5_640","bear_calibration_images","models\bear_yolov8n_x5_640\calibration\bear_calibration_images\095_Image_20260423095346264_orig.jpg","151755","8699b0e38c166ea60e87879d1d71825ab72e0735c9cc7d98e59405e0bf12a340","yes","no","bear calibration image"
"bear_yolov8n_x5_640","bear_calibration_images","models\bear_yolov8n_x5_640\calibration\bear_calibration_images\096_Image_20260423095348568_orig.jpg","165332","bbbfdd9e5967a4427c4249d628ff96eb74a6375a91384cd0bbc044eecfdba424","yes","no","bear calibration image"
"bear_yolov8n_x5_640","bear_calibration_images","models\bear_yolov8n_x5_640\calibration\bear_calibration_images\097_Image_20260423095353144_orig.jpg","166380","69f657c9c6c948821b19d4dc888ade740e91c0ea63d44a5a85d3cc5e81e55e73","yes","no","bear calibration image"
"bear_yolov8n_x5_640","bear_calibration_images","models\bear_yolov8n_x5_640\calibration\bear_calibration_images\098_Image_20260423095357640_orig.jpg","160593","a942d1a88a93e21a4e3be1748d49b2ab3f238701d7a2f715b661eafa19bef614","yes","no","bear calibration image"
"bear_yolov8n_x5_640","bear_calibration_images","models\bear_yolov8n_x5_640\calibration\bear_calibration_images\099_Image_20260423095400136_orig.jpg","162558","4a989d76f65a4b37232e451080134ce4a85986a52059beab3b296dbf956aa102","yes","no","bear calibration image"
"bear_yolov8n_x5_640","bear_calibration_images","models\bear_yolov8n_x5_640\calibration\bear_calibration_images\100_Image_20260423095402312_orig.jpg","162475","9c6abf6818864e1f1f617d84f6ee498eda685cd842d2b084764464d6d9671c24","yes","no","bear calibration image"
"bear_yolov8n_x5_640","calibration_bear_rgb_uint8_nchw","models\bear_yolov8n_x5_640\calibration\calibration_bear_rgb_uint8_nchw\001_Image_20260423094829295_orig.bin","1228800","1603f68b7e2c4cc05dbac2acb231461298a11013dda14f85151774e40b38fe42","yes","no","bear calibration preprocessed data"
"bear_yolov8n_x5_640","calibration_bear_rgb_uint8_nchw","models\bear_yolov8n_x5_640\calibration\calibration_bear_rgb_uint8_nchw\002_Image_20260423094842991_orig.bin","1228800","0d3a3821fcf9665d6ce93c7a2227546453351f9b30a48fffc541ef411f83065b","yes","no","bear calibration preprocessed data"
"bear_yolov8n_x5_640","calibration_bear_rgb_uint8_nchw","models\bear_yolov8n_x5_640\calibration\calibration_bear_rgb_uint8_nchw\003_Image_20260423094928263_orig.bin","1228800","d24617bf3e35f9586d449a9a3e43f22a250599d5c1f85afde3c55815953cc8e9","yes","no","bear calibration preprocessed data"
"bear_yolov8n_x5_640","calibration_bear_rgb_uint8_nchw","models\bear_yolov8n_x5_640\calibration\calibration_bear_rgb_uint8_nchw\004_Image_20260423094935735_orig.bin","1228800","60c0ea058379d83b6155139e3062f5d8ca75f94991367f474a55651d15c55a7a","yes","no","bear calibration preprocessed data"
"bear_yolov8n_x5_640","calibration_bear_rgb_uint8_nchw","models\bear_yolov8n_x5_640\calibration\calibration_bear_rgb_uint8_nchw\005_Image_20260423094955231_orig.bin","1228800","7c38d7a1e8a9f56853fd6d1fe2905369e975807cb1e778b6b6e41b10fc0b9934","yes","no","bear calibration preprocessed data"
"bear_yolov8n_x5_640","calibration_bear_rgb_uint8_nchw","models\bear_yolov8n_x5_640\calibration\calibration_bear_rgb_uint8_nchw\006_Image_20260423094957703_orig.bin","1228800","111be5f32996284a2715d9800132751ea84a52153596458a7b0adeee6928e1ce","yes","no","bear calibration preprocessed data"
"bear_yolov8n_x5_640","calibration_bear_rgb_uint8_nchw","models\bear_yolov8n_x5_640\calibration\calibration_bear_rgb_uint8_nchw\007_Image_20260423095018608_orig.bin","1228800","a12a1605b85fa2580d5ebcb9198832fa51a993c6a5ad01940ecd9b48b46d63fe","yes","no","bear calibration preprocessed data"
"bear_yolov8n_x5_640","calibration_bear_rgb_uint8_nchw","models\bear_yolov8n_x5_640\calibration\calibration_bear_rgb_uint8_nchw\008_Image_20260423095115047_orig.bin","1228800","8e36939754fc4b93c6247ba3aee30ab62bf33d1df600ea5535d3f4a077efc891","yes","no","bear calibration preprocessed data"
"bear_yolov8n_x5_640","calibration_bear_rgb_uint8_nchw","models\bear_yolov8n_x5_640\calibration\calibration_bear_rgb_uint8_nchw\009_Image_20260423095122367_orig.bin","1228800","8d056aef23531a2ca65fbb2eb723a60f13e6df8085a347b7a7e95e736a2994c1","yes","no","bear calibration preprocessed data"
"bear_yolov8n_x5_640","calibration_bear_rgb_uint8_nchw","models\bear_yolov8n_x5_640\calibration\calibration_bear_rgb_uint8_nchw\010_Image_20260423095130453_orig.bin","1228800","c8fe2322b673823ad045f3b796b0b370d61874d7573f53888887c83152b48b22","yes","no","bear calibration preprocessed data"
"bear_yolov8n_x5_640","calibration_bear_rgb_uint8_nchw","models\bear_yolov8n_x5_640\calibration\calibration_bear_rgb_uint8_nchw\011_Image_20260423095233547_orig.bin","1228800","92f6ee46ee7d8d470baf3a04f1db4697cbaf33f0678af86604977d36d64fd2fb","yes","no","bear calibration preprocessed data"
"bear_yolov8n_x5_640","calibration_bear_rgb_uint8_nchw","models\bear_yolov8n_x5_640\calibration\calibration_bear_rgb_uint8_nchw\012_Image_20260423095350894_orig.bin","1228800","df1a13b4f9372e49ad8b3e55ae1abdaedb4cce44e115fe6a207e5e918ac3f007","yes","no","bear calibration preprocessed data"
"bear_yolov8n_x5_640","calibration_bear_rgb_uint8_nchw","models\bear_yolov8n_x5_640\calibration\calibration_bear_rgb_uint8_nchw\013_Image_20260423095416088_orig.bin","1228800","61d0bbe1226295b3b155c0e50999925476653d0f2d43113cef490df42104df97","yes","no","bear calibration preprocessed data"
"bear_yolov8n_x5_640","calibration_bear_rgb_uint8_nchw","models\bear_yolov8n_x5_640\calibration\calibration_bear_rgb_uint8_nchw\014_Image_20260423095816727_orig.bin","1228800","75533069c2624e35b599a27fac4b304723c0777a3de3b9279dd9f1608d8b0112","yes","no","bear calibration preprocessed data"
"bear_yolov8n_x5_640","calibration_bear_rgb_uint8_nchw","models\bear_yolov8n_x5_640\calibration\calibration_bear_rgb_uint8_nchw\015_Image_20260423095836743_orig.bin","1228800","e3241e7b0f20042513e9c36906e6e87175d7217150fc1bae04554d715803e1a6","yes","no","bear calibration preprocessed data"
"bear_yolov8n_x5_640","calibration_bear_rgb_uint8_nchw","models\bear_yolov8n_x5_640\calibration\calibration_bear_rgb_uint8_nchw\016_Image_20260423095854110_orig.bin","1228800","844afba65bae4efa0b48c728dc159d7c2f641b5077d477a978d7a3206e761c36","yes","no","bear calibration preprocessed data"
"bear_yolov8n_x5_640","calibration_bear_rgb_uint8_nchw","models\bear_yolov8n_x5_640\calibration\calibration_bear_rgb_uint8_nchw\017_Image_20260423095909941_orig.bin","1228800","b91fa88d97805bee489dd85f878e359189062e15d53e4b269aa82716ca8b1810","yes","no","bear calibration preprocessed data"
"bear_yolov8n_x5_640","calibration_bear_rgb_uint8_nchw","models\bear_yolov8n_x5_640\calibration\calibration_bear_rgb_uint8_nchw\018_Image_20260423095922214_orig.bin","1228800","e1627baacd65560fbb54eb4053b9a647be965d3d19231163cd30e0bbb29064a6","yes","no","bear calibration preprocessed data"
"bear_yolov8n_x5_640","calibration_bear_rgb_uint8_nchw","models\bear_yolov8n_x5_640\calibration\calibration_bear_rgb_uint8_nchw\019_Image_20260423095928423_orig.bin","1228800","3438aef66e941d5841e1b3c218f5f5dc3768b6eb78ec9ca2ec2f5cec1248bc70","yes","no","bear calibration preprocessed data"
"bear_yolov8n_x5_640","calibration_bear_rgb_uint8_nchw","models\bear_yolov8n_x5_640\calibration\calibration_bear_rgb_uint8_nchw\020_Image_20260423095930934_orig.bin","1228800","ad1f9cff170d6eca43109a020425793c71bf29acd410775d742f6e0487b26d84","yes","no","bear calibration preprocessed data"
"bear_yolov8n_x5_640","calibration_bear_rgb_uint8_nchw","models\bear_yolov8n_x5_640\calibration\calibration_bear_rgb_uint8_nchw\021_Image_20260423095937957_orig.bin","1228800","fe40c2cbc388909a28e73af30a0abb250088dd90a981fce00ffd1d2e2aa8f9f0","yes","no","bear calibration preprocessed data"
"bear_yolov8n_x5_640","calibration_bear_rgb_uint8_nchw","models\bear_yolov8n_x5_640\calibration\calibration_bear_rgb_uint8_nchw\022_Image_20260423100136390_orig.bin","1228800","e8e626b65b4e304a2f26c81b8a632331937cf141cda168d8540ca554221f1a04","yes","no","bear calibration preprocessed data"
"bear_yolov8n_x5_640","calibration_bear_rgb_uint8_nchw","models\bear_yolov8n_x5_640\calibration\calibration_bear_rgb_uint8_nchw\023_Image_20260423100224735_orig.bin","1228800","20123f86ce3d609dca26524a6c70f493c1c412877ee2b9c4d65dbf5f51ca851b","yes","no","bear calibration preprocessed data"
"bear_yolov8n_x5_640","calibration_bear_rgb_uint8_nchw","models\bear_yolov8n_x5_640\calibration\calibration_bear_rgb_uint8_nchw\024_Image_20260423100324319_orig.bin","1228800","4d126a5720fc27b28813938db50cfcacdb06289bdf8e5145072e7062ffa8596d","yes","no","bear calibration preprocessed data"
"bear_yolov8n_x5_640","calibration_bear_rgb_uint8_nchw","models\bear_yolov8n_x5_640\calibration\calibration_bear_rgb_uint8_nchw\025_Image_20260423100333614_orig.bin","1228800","af6f729fd963b4d748f8d49177559a9f8873c1a07553e72d70610a735ee430a8","yes","no","bear calibration preprocessed data"
"bear_yolov8n_x5_640","calibration_bear_rgb_uint8_nchw","models\bear_yolov8n_x5_640\calibration\calibration_bear_rgb_uint8_nchw\026_Image_20260423100335952_orig.bin","1228800","7ca44799a27650a5659994582220c5bcbcefb4d49580e6f4b86fdc6f7c853f4e","yes","no","bear calibration preprocessed data"
"bear_yolov8n_x5_640","calibration_bear_rgb_uint8_nchw","models\bear_yolov8n_x5_640\calibration\calibration_bear_rgb_uint8_nchw\027_Image_20260423100348635_orig.bin","1228800","cefbed8de1ff648c8bd8c50b307b7c3e6f7e85f97ef739a219d34fc962d378a3","yes","no","bear calibration preprocessed data"
"bear_yolov8n_x5_640","calibration_bear_rgb_uint8_nchw","models\bear_yolov8n_x5_640\calibration\calibration_bear_rgb_uint8_nchw\028_Image_20260423100433524_orig.bin","1228800","a150a81a67edc9c66249d9eb94bbe215bff3f6f818044fc48ca8bb78f8eaa2b8","yes","no","bear calibration preprocessed data"
"bear_yolov8n_x5_640","calibration_bear_rgb_uint8_nchw","models\bear_yolov8n_x5_640\calibration\calibration_bear_rgb_uint8_nchw\029_Image_20260423100504746_orig.bin","1228800","bed6ef77734bcc710f17caf11cef37b6933befff9e1eff0abdb696e4aedd1ebb","yes","no","bear calibration preprocessed data"
"bear_yolov8n_x5_640","calibration_bear_rgb_uint8_nchw","models\bear_yolov8n_x5_640\calibration\calibration_bear_rgb_uint8_nchw\030_Image_20260423100516263_orig.bin","1228800","c870ffe92df3a441f8793dbde3b300557d03c227b1410c8ec7fa61b7716c168a","yes","no","bear calibration preprocessed data"
"bear_yolov8n_x5_640","calibration_bear_rgb_uint8_nchw","models\bear_yolov8n_x5_640\calibration\calibration_bear_rgb_uint8_nchw\031_Image_20260423101412550_orig.bin","1228800","54e1a15aa402576421e401c53441a1a010fe7f3f104adc2913c34a9eb899b451","yes","no","bear calibration preprocessed data"
"bear_yolov8n_x5_640","calibration_bear_rgb_uint8_nchw","models\bear_yolov8n_x5_640\calibration\calibration_bear_rgb_uint8_nchw\032_Image_20260423094826655_orig.bin","1228800","c21dba2e9ff002b9f96ea59b3646d08a27f3621de823b743b93274206c519f40","yes","no","bear calibration preprocessed data"
"bear_yolov8n_x5_640","calibration_bear_rgb_uint8_nchw","models\bear_yolov8n_x5_640\calibration\calibration_bear_rgb_uint8_nchw\033_Image_20260423094831847_orig.bin","1228800","98684a842ec4efcee2a30fef98f6687ee139aa986c4bc8c9ea5aa639f55ef6f2","yes","no","bear calibration preprocessed data"
"bear_yolov8n_x5_640","calibration_bear_rgb_uint8_nchw","models\bear_yolov8n_x5_640\calibration\calibration_bear_rgb_uint8_nchw\034_Image_20260423094834231_orig.bin","1228800","559a196fbc3e9faba81c62b0a23738615e2ed32fe926dd142bc8e7a75fd99ae7","yes","no","bear calibration preprocessed data"
"bear_yolov8n_x5_640","calibration_bear_rgb_uint8_nchw","models\bear_yolov8n_x5_640\calibration\calibration_bear_rgb_uint8_nchw\035_Image_20260423094837134_orig.bin","1228800","7e9e66c703236750b70501bf3787cf21d3eaafbe19375d4ff443333802bb1d7d","yes","no","bear calibration preprocessed data"
"bear_yolov8n_x5_640","calibration_bear_rgb_uint8_nchw","models\bear_yolov8n_x5_640\calibration\calibration_bear_rgb_uint8_nchw\036_Image_20260423094839775_orig.bin","1228800","f9d650d38bd514291def71408f2666e694d8f31824a12996b91bbc9d0c287b4f","yes","no","bear calibration preprocessed data"
"bear_yolov8n_x5_640","calibration_bear_rgb_uint8_nchw","models\bear_yolov8n_x5_640\calibration\calibration_bear_rgb_uint8_nchw\037_Image_20260423094845327_orig.bin","1228800","4536ede1f717172c6a2be36ecf2246879a3157a3bda182d2ee6ed5114c26f3b4","yes","no","bear calibration preprocessed data"
"bear_yolov8n_x5_640","calibration_bear_rgb_uint8_nchw","models\bear_yolov8n_x5_640\calibration\calibration_bear_rgb_uint8_nchw\038_Image_20260423094847631_orig.bin","1228800","32783da35e7c10c6770d7565f3a022f134da287bf92d75b9999c93d5c8496eae","yes","no","bear calibration preprocessed data"
"bear_yolov8n_x5_640","calibration_bear_rgb_uint8_nchw","models\bear_yolov8n_x5_640\calibration\calibration_bear_rgb_uint8_nchw\039_Image_20260423094904856_orig.bin","1228800","5219464fac6813f985958f588eb58f1a859b091e13bc74cae04f8f7e52f3e4fd","yes","no","bear calibration preprocessed data"
"bear_yolov8n_x5_640","calibration_bear_rgb_uint8_nchw","models\bear_yolov8n_x5_640\calibration\calibration_bear_rgb_uint8_nchw\040_Image_20260423094907255_orig.bin","1228800","18e51d41841f0a824c71b2bace148f289ad93e4a478cd8ea36e5d6367d8df868","yes","no","bear calibration preprocessed data"
"bear_yolov8n_x5_640","calibration_bear_rgb_uint8_nchw","models\bear_yolov8n_x5_640\calibration\calibration_bear_rgb_uint8_nchw\041_Image_20260423094909666_orig.bin","1228800","d325ba5bb35587dc94ff31a8b438d8270c2ba364a66e5986d0301fce143b610f","yes","no","bear calibration preprocessed data"
"bear_yolov8n_x5_640","calibration_bear_rgb_uint8_nchw","models\bear_yolov8n_x5_640\calibration\calibration_bear_rgb_uint8_nchw\042_Image_20260423094912751_orig.bin","1228800","a64829aa0e15199e5592e25cfa970b3ece23842e0eb292fcb427b3dfee5b90bb","yes","no","bear calibration preprocessed data"
"bear_yolov8n_x5_640","calibration_bear_rgb_uint8_nchw","models\bear_yolov8n_x5_640\calibration\calibration_bear_rgb_uint8_nchw\043_Image_20260423094915790_orig.bin","1228800","3d1963bcc195ffae67cc9f7de61149f2276f282dfe93fb24c7f3d2777d8d7659","yes","no","bear calibration preprocessed data"
"bear_yolov8n_x5_640","calibration_bear_rgb_uint8_nchw","models\bear_yolov8n_x5_640\calibration\calibration_bear_rgb_uint8_nchw\044_Image_20260423094918062_orig.bin","1228800","a84718ddda5e71257f8a465587da93087b846e03fef35d5b8969c6400c4ceba7","yes","no","bear calibration preprocessed data"
"bear_yolov8n_x5_640","calibration_bear_rgb_uint8_nchw","models\bear_yolov8n_x5_640\calibration\calibration_bear_rgb_uint8_nchw\045_Image_20260423094920991_orig.bin","1228800","43ec601b58f73be88a2aba4fc01cfbb7e01257ab2614f62291c080d2d79a647d","yes","no","bear calibration preprocessed data"
"bear_yolov8n_x5_640","calibration_bear_rgb_uint8_nchw","models\bear_yolov8n_x5_640\calibration\calibration_bear_rgb_uint8_nchw\046_Image_20260423094923519_orig.bin","1228800","bf1119dae6522846e717c4fe8547f156ec10d03f18a562745894e3080834419f","yes","no","bear calibration preprocessed data"
"bear_yolov8n_x5_640","calibration_bear_rgb_uint8_nchw","models\bear_yolov8n_x5_640\calibration\calibration_bear_rgb_uint8_nchw\047_Image_20260423094925790_orig.bin","1228800","ad6e7d018395811a5775ce5f42f178747c0b5a1ea140f0cbfd47b58f545ead9a","yes","no","bear calibration preprocessed data"
"bear_yolov8n_x5_640","calibration_bear_rgb_uint8_nchw","models\bear_yolov8n_x5_640\calibration\calibration_bear_rgb_uint8_nchw\048_Image_20260423094930703_orig.bin","1228800","b0d9737a09ef6716bcd4c2c52a77f9ba62094125eb130689eace9381ad78d760","yes","no","bear calibration preprocessed data"
"bear_yolov8n_x5_640","calibration_bear_rgb_uint8_nchw","models\bear_yolov8n_x5_640\calibration\calibration_bear_rgb_uint8_nchw\049_Image_20260423094933482_orig.bin","1228800","ce0321755b8ff43194ee5c62362ade1c1d8221576a8b5486a1c7ad9bca1df512","yes","no","bear calibration preprocessed data"
"bear_yolov8n_x5_640","calibration_bear_rgb_uint8_nchw","models\bear_yolov8n_x5_640\calibration\calibration_bear_rgb_uint8_nchw\050_Image_20260423094938130_orig.bin","1228800","f5dbca8d03a03cfdfd0cad6f0d5bef7941f42693ddcbc9e53c9c0e1ac7c6bfd7","yes","no","bear calibration preprocessed data"
"bear_yolov8n_x5_640","calibration_bear_rgb_uint8_nchw","models\bear_yolov8n_x5_640\calibration\calibration_bear_rgb_uint8_nchw\051_Image_20260423094940903_orig.bin","1228800","715a83282c2050dfed5946d2b8baaff439550df8b6f53df2373532342b9fbaa0","yes","no","bear calibration preprocessed data"
"bear_yolov8n_x5_640","calibration_bear_rgb_uint8_nchw","models\bear_yolov8n_x5_640\calibration\calibration_bear_rgb_uint8_nchw\052_Image_20260423094943612_orig.bin","1228800","5a3f49d2e79bd29d924e2db635863f26b5f430f9fd8bda27e7e4e5e7e4bc09de","yes","no","bear calibration preprocessed data"
"bear_yolov8n_x5_640","calibration_bear_rgb_uint8_nchw","models\bear_yolov8n_x5_640\calibration\calibration_bear_rgb_uint8_nchw\053_Image_20260423094946967_orig.bin","1228800","de2d489796c837efddee930aa6b236e169f3911835a0212038cc824d8fb1f863","yes","no","bear calibration preprocessed data"
"bear_yolov8n_x5_640","calibration_bear_rgb_uint8_nchw","models\bear_yolov8n_x5_640\calibration\calibration_bear_rgb_uint8_nchw\054_Image_20260423094952663_orig.bin","1228800","f0a4e3eabf053c056cfc052f08e2455fceaad9eb0013563f1caace6d80564e89","yes","no","bear calibration preprocessed data"
"bear_yolov8n_x5_640","calibration_bear_rgb_uint8_nchw","models\bear_yolov8n_x5_640\calibration\calibration_bear_rgb_uint8_nchw\055_Image_20260423095000295_orig.bin","1228800","275a738ec8ea64ec57930bb518566fc9a806174d7af583ec29a0b7f1a010cc10","yes","no","bear calibration preprocessed data"
"bear_yolov8n_x5_640","calibration_bear_rgb_uint8_nchw","models\bear_yolov8n_x5_640\calibration\calibration_bear_rgb_uint8_nchw\056_Image_20260423095002816_orig.bin","1228800","e256214734032872a101164dd1a950c6f32b2798a3c0704f6280921191517f02","yes","no","bear calibration preprocessed data"
"bear_yolov8n_x5_640","calibration_bear_rgb_uint8_nchw","models\bear_yolov8n_x5_640\calibration\calibration_bear_rgb_uint8_nchw\057_Image_20260423095014431_orig.bin","1228800","648e3daf1b8a6df3e8fc3eb33a03b68415cbc0a8afff7bcd89b455fd41ac6764","yes","no","bear calibration preprocessed data"
"bear_yolov8n_x5_640","calibration_bear_rgb_uint8_nchw","models\bear_yolov8n_x5_640\calibration\calibration_bear_rgb_uint8_nchw\058_Image_20260423095021032_orig.bin","1228800","0d54e36fc005838531ea413817a16897e45634dcd3656ffe3af597fdcff0d904","yes","no","bear calibration preprocessed data"
"bear_yolov8n_x5_640","calibration_bear_rgb_uint8_nchw","models\bear_yolov8n_x5_640\calibration\calibration_bear_rgb_uint8_nchw\059_Image_20260423095024592_orig.bin","1228800","75bc9522d4f80d4c05b720adb66714a76ca5111e3727ffb6aaad567b841fc1cb","yes","no","bear calibration preprocessed data"
"bear_yolov8n_x5_640","calibration_bear_rgb_uint8_nchw","models\bear_yolov8n_x5_640\calibration\calibration_bear_rgb_uint8_nchw\060_Image_20260423095045811_orig.bin","1228800","79bc1b4a1e22919cb2db72bb5f86cfaef5962df04b33384db8fdbbca8d408964","yes","no","bear calibration preprocessed data"
"bear_yolov8n_x5_640","calibration_bear_rgb_uint8_nchw","models\bear_yolov8n_x5_640\calibration\calibration_bear_rgb_uint8_nchw\061_Image_20260423095051994_orig.bin","1228800","09e4f113aceb7c46bcbb3dd5e0cc9e5d422bcc4c1ea434e520d85285f990ca7f","yes","no","bear calibration preprocessed data"
"bear_yolov8n_x5_640","calibration_bear_rgb_uint8_nchw","models\bear_yolov8n_x5_640\calibration\calibration_bear_rgb_uint8_nchw\062_Image_20260423095054191_orig.bin","1228800","8f21e76c65cbb217d428dbca4a590c2c6570ef8846d411a2ecebea6d7ce65507","yes","no","bear calibration preprocessed data"
"bear_yolov8n_x5_640","calibration_bear_rgb_uint8_nchw","models\bear_yolov8n_x5_640\calibration\calibration_bear_rgb_uint8_nchw\063_Image_20260423095059567_orig.bin","1228800","2729a32e9f65b62f4345bbeb12c3e4541422052f1f72ed0dd0617acc78abcd26","yes","no","bear calibration preprocessed data"
"bear_yolov8n_x5_640","calibration_bear_rgb_uint8_nchw","models\bear_yolov8n_x5_640\calibration\calibration_bear_rgb_uint8_nchw\064_Image_20260423095101793_orig.bin","1228800","e98c86043f7fbe1f83cb3a0de361aba7cd8d41076f2ff21e15636913534e4653","yes","no","bear calibration preprocessed data"
"bear_yolov8n_x5_640","calibration_bear_rgb_uint8_nchw","models\bear_yolov8n_x5_640\calibration\calibration_bear_rgb_uint8_nchw\065_Image_20260423095109743_orig.bin","1228800","2ad845893e4db56c3c68919e4af965f3a53c41c29871d72f1be870639880e007","yes","no","bear calibration preprocessed data"
"bear_yolov8n_x5_640","calibration_bear_rgb_uint8_nchw","models\bear_yolov8n_x5_640\calibration\calibration_bear_rgb_uint8_nchw\066_Image_20260423095112207_orig.bin","1228800","ba2dff428cdd2779bc499a5c0a0df0cf6cd5756433f96cf9fc2e41f40687d09d","yes","no","bear calibration preprocessed data"
"bear_yolov8n_x5_640","calibration_bear_rgb_uint8_nchw","models\bear_yolov8n_x5_640\calibration\calibration_bear_rgb_uint8_nchw\067_Image_20260423095117247_orig.bin","1228800","3257fe087df656f734a672c1957c64d6ecac30527874b0bdbb0985c5fda7c6cb","yes","no","bear calibration preprocessed data"
"bear_yolov8n_x5_640","calibration_bear_rgb_uint8_nchw","models\bear_yolov8n_x5_640\calibration\calibration_bear_rgb_uint8_nchw\068_Image_20260423095119880_orig.bin","1228800","e40b11c165568c33c8d37ebddc938552ff3397f02628b1a8577c0d9b612edcde","yes","no","bear calibration preprocessed data"
"bear_yolov8n_x5_640","calibration_bear_rgb_uint8_nchw","models\bear_yolov8n_x5_640\calibration\calibration_bear_rgb_uint8_nchw\069_Image_20260423095124903_orig.bin","1228800","7021555aeadedd1d76e83cfec9bbdfc9f739b66df778b842090942a9f56671c6","yes","no","bear calibration preprocessed data"
"bear_yolov8n_x5_640","calibration_bear_rgb_uint8_nchw","models\bear_yolov8n_x5_640\calibration\calibration_bear_rgb_uint8_nchw\070_Image_20260423095127551_orig.bin","1228800","4109fad24548b5881556ee7326d82d6ecc6a7087dbe4205249c78a679196055f","yes","no","bear calibration preprocessed data"
"bear_yolov8n_x5_640","calibration_bear_rgb_uint8_nchw","models\bear_yolov8n_x5_640\calibration\calibration_bear_rgb_uint8_nchw\071_Image_20260423095138383_orig.bin","1228800","7a5d8e51d65748ccc56112eb25f6e69b69ce7db72480647cf75ac5da5ad199c8","yes","no","bear calibration preprocessed data"
"bear_yolov8n_x5_640","calibration_bear_rgb_uint8_nchw","models\bear_yolov8n_x5_640\calibration\calibration_bear_rgb_uint8_nchw\072_Image_20260423095140735_orig.bin","1228800","facc606a7ac36890c2d31477f5762a5da0f8cc25fe7425cd3a7616fc3b04cda8","yes","no","bear calibration preprocessed data"
"bear_yolov8n_x5_640","calibration_bear_rgb_uint8_nchw","models\bear_yolov8n_x5_640\calibration\calibration_bear_rgb_uint8_nchw\073_Image_20260423095143337_orig.bin","1228800","0bc0d4609cd909c67d2c12e6f29f39736a5135e3454bd94796b4a7aa342f3166","yes","no","bear calibration preprocessed data"
"bear_yolov8n_x5_640","calibration_bear_rgb_uint8_nchw","models\bear_yolov8n_x5_640\calibration\calibration_bear_rgb_uint8_nchw\074_Image_20260423095145808_orig.bin","1228800","e6cd75c967b4d8bae81d2f3b24096dbd6cd3f7d00ef2eac77a6c5c21654cc641","yes","no","bear calibration preprocessed data"
"bear_yolov8n_x5_640","calibration_bear_rgb_uint8_nchw","models\bear_yolov8n_x5_640\calibration\calibration_bear_rgb_uint8_nchw\075_Image_20260423095148240_orig.bin","1228800","62302b060130d9db1071a68b606edf4b9914e284d863c5c0f92e3114a39e9d3c","yes","no","bear calibration preprocessed data"
"bear_yolov8n_x5_640","calibration_bear_rgb_uint8_nchw","models\bear_yolov8n_x5_640\calibration\calibration_bear_rgb_uint8_nchw\076_Image_20260423095152119_orig.bin","1228800","ae7165e59028e1f84d341b0eb3d594d6d1b305837a89d63b93ea3c63fca76946","yes","no","bear calibration preprocessed data"
"bear_yolov8n_x5_640","calibration_bear_rgb_uint8_nchw","models\bear_yolov8n_x5_640\calibration\calibration_bear_rgb_uint8_nchw\077_Image_20260423095207631_orig.bin","1228800","edb3748a68b72aa8e04a338c534b860d5b1e01e544568862d4e08359a2e3c022","yes","no","bear calibration preprocessed data"
"bear_yolov8n_x5_640","calibration_bear_rgb_uint8_nchw","models\bear_yolov8n_x5_640\calibration\calibration_bear_rgb_uint8_nchw\078_Image_20260423095210248_orig.bin","1228800","59b30d1d64ab4d7cb8108418c48dc486aea41481d827a91538501012560aa3d4","yes","no","bear calibration preprocessed data"
"bear_yolov8n_x5_640","calibration_bear_rgb_uint8_nchw","models\bear_yolov8n_x5_640\calibration\calibration_bear_rgb_uint8_nchw\079_Image_20260423095231007_orig.bin","1228800","b6f70a42fae01db46586a2914645e2e8ef911c623ac5ace9240d100b4614fc5b","yes","no","bear calibration preprocessed data"
"bear_yolov8n_x5_640","calibration_bear_rgb_uint8_nchw","models\bear_yolov8n_x5_640\calibration\calibration_bear_rgb_uint8_nchw\080_Image_20260423095236055_orig.bin","1228800","50a3d11ac90e316ca8d408430d778bf1948fcdbd6d7ef118da039dfaf640a33c","yes","no","bear calibration preprocessed data"
"bear_yolov8n_x5_640","calibration_bear_rgb_uint8_nchw","models\bear_yolov8n_x5_640\calibration\calibration_bear_rgb_uint8_nchw\081_Image_20260423095238448_orig.bin","1228800","48c08a8703b3aa1acd925184a06362eb551353378385a9acd668aa9c8c584f4e","yes","no","bear calibration preprocessed data"
"bear_yolov8n_x5_640","calibration_bear_rgb_uint8_nchw","models\bear_yolov8n_x5_640\calibration\calibration_bear_rgb_uint8_nchw\082_Image_20260423095240679_orig.bin","1228800","5efb91c31188935b4f23499a318a3191e03db6ce1fbe5d500ee0829dc692b496","yes","no","bear calibration preprocessed data"
"bear_yolov8n_x5_640","calibration_bear_rgb_uint8_nchw","models\bear_yolov8n_x5_640\calibration\calibration_bear_rgb_uint8_nchw\083_Image_20260423095243568_orig.bin","1228800","d4bee373e4910165676d4740a15566f30ae6eebbf6264cdc3775e23b2190ee06","yes","no","bear calibration preprocessed data"
"bear_yolov8n_x5_640","calibration_bear_rgb_uint8_nchw","models\bear_yolov8n_x5_640\calibration\calibration_bear_rgb_uint8_nchw\084_Image_20260423095246047_orig.bin","1228800","155520cbe52650217f3ab5a3999af9ce410fa080a395c1a1745b6cf4cda8e5b3","yes","no","bear calibration preprocessed data"
"bear_yolov8n_x5_640","calibration_bear_rgb_uint8_nchw","models\bear_yolov8n_x5_640\calibration\calibration_bear_rgb_uint8_nchw\085_Image_20260423095248502_orig.bin","1228800","5df4f25979216c5bc0f4ee2a856a9745a97c63f82170cb74d2ccef93f5c42c0e","yes","no","bear calibration preprocessed data"
"bear_yolov8n_x5_640","calibration_bear_rgb_uint8_nchw","models\bear_yolov8n_x5_640\calibration\calibration_bear_rgb_uint8_nchw\086_Image_20260423095252647_orig.bin","1228800","3122268a0bfbbf3185d96b0df4fb8d14074a112d322dc15f5754c057252ddc47","yes","no","bear calibration preprocessed data"
"bear_yolov8n_x5_640","calibration_bear_rgb_uint8_nchw","models\bear_yolov8n_x5_640\calibration\calibration_bear_rgb_uint8_nchw\087_Image_20260423095255247_orig.bin","1228800","0724910c18094f36ad4718b44f03da12b309c27c5822129374bc1187ffdbbf64","yes","no","bear calibration preprocessed data"
"bear_yolov8n_x5_640","calibration_bear_rgb_uint8_nchw","models\bear_yolov8n_x5_640\calibration\calibration_bear_rgb_uint8_nchw\088_Image_20260423095257472_orig.bin","1228800","51f466aa6d7038aee487f1af8810f667a2697efd39e78da31c4f409e197c25d1","yes","no","bear calibration preprocessed data"
"bear_yolov8n_x5_640","calibration_bear_rgb_uint8_nchw","models\bear_yolov8n_x5_640\calibration\calibration_bear_rgb_uint8_nchw\089_Image_20260423095300264_orig.bin","1228800","50486f7a7258236c5f39f0ede4ddb93c4dc723501609e223014a3b4516509b3b","yes","no","bear calibration preprocessed data"
"bear_yolov8n_x5_640","calibration_bear_rgb_uint8_nchw","models\bear_yolov8n_x5_640\calibration\calibration_bear_rgb_uint8_nchw\090_Image_20260423095302799_orig.bin","1228800","733c92641553ed6a0e0531258468ed188568961f7e7f02a419e58bcf5e50617a","yes","no","bear calibration preprocessed data"
"bear_yolov8n_x5_640","calibration_bear_rgb_uint8_nchw","models\bear_yolov8n_x5_640\calibration\calibration_bear_rgb_uint8_nchw\091_Image_20260423095305138_orig.bin","1228800","59c6749be7ac10ba0a03b3dd0362a4df93e18efe3db16e9afb89928cc8cb6ae9","yes","no","bear calibration preprocessed data"
"bear_yolov8n_x5_640","calibration_bear_rgb_uint8_nchw","models\bear_yolov8n_x5_640\calibration\calibration_bear_rgb_uint8_nchw\092_Image_20260423095337079_orig.bin","1228800","d1e90c53fb00d39be31cb7f79ff3a6635c299d71aa820da1c3c037e8aeebc65c","yes","no","bear calibration preprocessed data"
"bear_yolov8n_x5_640","calibration_bear_rgb_uint8_nchw","models\bear_yolov8n_x5_640\calibration\calibration_bear_rgb_uint8_nchw\093_Image_20260423095339567_orig.bin","1228800","bf974cfc4e444585878aaff0bb844a8734ead07fd2980589cba9805ea9703397","yes","no","bear calibration preprocessed data"
"bear_yolov8n_x5_640","calibration_bear_rgb_uint8_nchw","models\bear_yolov8n_x5_640\calibration\calibration_bear_rgb_uint8_nchw\094_Image_20260423095341783_orig.bin","1228800","fe99d0b200e7e96857a3d8ba884a55dca208c06e400e69a5a7cba136c1319f7a","yes","no","bear calibration preprocessed data"
"bear_yolov8n_x5_640","calibration_bear_rgb_uint8_nchw","models\bear_yolov8n_x5_640\calibration\calibration_bear_rgb_uint8_nchw\095_Image_20260423095346264_orig.bin","1228800","9c12864ce3c9c7d8ad8c5ec774e7a1ebdc9dcc471880fc77ef10d605e8c07fbb","yes","no","bear calibration preprocessed data"
"bear_yolov8n_x5_640","calibration_bear_rgb_uint8_nchw","models\bear_yolov8n_x5_640\calibration\calibration_bear_rgb_uint8_nchw\096_Image_20260423095348568_orig.bin","1228800","f34876d78c7d9a30cc9d9d7c2f07de9e5838af65a14fff0749fed212a79f4ad8","yes","no","bear calibration preprocessed data"
"bear_yolov8n_x5_640","calibration_bear_rgb_uint8_nchw","models\bear_yolov8n_x5_640\calibration\calibration_bear_rgb_uint8_nchw\097_Image_20260423095353144_orig.bin","1228800","45665073b8046bfc9de322878aebb0c0f7ceaf1f1b069ad7b26149a50e1a9f25","yes","no","bear calibration preprocessed data"
"bear_yolov8n_x5_640","calibration_bear_rgb_uint8_nchw","models\bear_yolov8n_x5_640\calibration\calibration_bear_rgb_uint8_nchw\098_Image_20260423095357640_orig.bin","1228800","e88fd58f2c68eb1be92ce34655d7f99c6a9712fe034a4394da3d802c3624a1f2","yes","no","bear calibration preprocessed data"
"bear_yolov8n_x5_640","calibration_bear_rgb_uint8_nchw","models\bear_yolov8n_x5_640\calibration\calibration_bear_rgb_uint8_nchw\099_Image_20260423095400136_orig.bin","1228800","60b027edfaeee26be967a119b16b164d1690e4f6c1259053e5b8a5b1aa98303d","yes","no","bear calibration preprocessed data"
"bear_yolov8n_x5_640","calibration_bear_rgb_uint8_nchw","models\bear_yolov8n_x5_640\calibration\calibration_bear_rgb_uint8_nchw\100_Image_20260423095402312_orig.bin","1228800","a94a104f1e75543ecdf6b7b7d112df088c7fce97132ceb45e0a503821fbff9a6","yes","no","bear calibration preprocessed data"
"vehicle_yolov8n_x5_640","calibration_rgb_uint8_nchw","models\vehicle_yolov8n_x5_640\calibration\calibration_rgb_uint8_nchw\Image_20260331140113837.bin","1228800","199849cf0a15a34230ae8744c25e8a77c5b37f5a6c3c1fd17d28d8bd094e29ec","yes","no","vehicle calibration copied from WSL priority source"
"vehicle_yolov8n_x5_640","calibration_rgb_uint8_nchw","models\vehicle_yolov8n_x5_640\calibration\calibration_rgb_uint8_nchw\Image_20260331140116810.bin","1228800","23ca23ac8d3de3cccdbe7bd9f8d3a812e111c1d48dfa989ad87e19e8884c57fe","yes","no","vehicle calibration copied from WSL priority source"
"vehicle_yolov8n_x5_640","calibration_rgb_uint8_nchw","models\vehicle_yolov8n_x5_640\calibration\calibration_rgb_uint8_nchw\Image_20260331140120099.bin","1228800","8b12a26b4efd424db1ab9ed4a11e8462d1d86b138137ddd6ca1734edaffc6ec4","yes","no","vehicle calibration copied from WSL priority source"
"vehicle_yolov8n_x5_640","calibration_rgb_uint8_nchw","models\vehicle_yolov8n_x5_640\calibration\calibration_rgb_uint8_nchw\Image_20260331140120109.bin","1228800","6d549fcca74bb57088ec85eaf11ae59360a7d36414a3eeeccdb36db8340d935d","yes","no","vehicle calibration copied from WSL priority source"
"vehicle_yolov8n_x5_640","calibration_rgb_uint8_nchw","models\vehicle_yolov8n_x5_640\calibration\calibration_rgb_uint8_nchw\Image_20260331140120146.bin","1228800","6d549fcca74bb57088ec85eaf11ae59360a7d36414a3eeeccdb36db8340d935d","yes","no","vehicle calibration copied from WSL priority source"
"vehicle_yolov8n_x5_640","calibration_rgb_uint8_nchw","models\vehicle_yolov8n_x5_640\calibration\calibration_rgb_uint8_nchw\Image_20260331140120156.bin","1228800","864e4efcccb16d2f7fd7a3e09ec59c7432e3e1e377c5de740e57fc82aa9580c1","yes","no","vehicle calibration copied from WSL priority source"
"vehicle_yolov8n_x5_640","calibration_rgb_uint8_nchw","models\vehicle_yolov8n_x5_640\calibration\calibration_rgb_uint8_nchw\Image_20260331140120165.bin","1228800","80305945fdcdf1bdd695af768fd9015a2ee4e3b585f704db7189379fadafd609","yes","no","vehicle calibration copied from WSL priority source"
"vehicle_yolov8n_x5_640","calibration_rgb_uint8_nchw","models\vehicle_yolov8n_x5_640\calibration\calibration_rgb_uint8_nchw\Image_20260331140120174.bin","1228800","db05de6d40877ca9e48f44f1694f3aefafba3f91a123f65d69e4279a4e6d4a61","yes","no","vehicle calibration copied from WSL priority source"
"vehicle_yolov8n_x5_640","calibration_rgb_uint8_nchw","models\vehicle_yolov8n_x5_640\calibration\calibration_rgb_uint8_nchw\Image_20260331140120184.bin","1228800","2d32e8c852771d3296784ef67d74fd4f6637000baf8711231fc76a3d42d3d608","yes","no","vehicle calibration copied from WSL priority source"
"vehicle_yolov8n_x5_640","calibration_rgb_uint8_nchw","models\vehicle_yolov8n_x5_640\calibration\calibration_rgb_uint8_nchw\Image_20260331140120195.bin","1228800","8368ac4f2d2cec77e7377d125c6e2544b304a708e655732ff1892a8c29a66486","yes","no","vehicle calibration copied from WSL priority source"
"vehicle_yolov8n_x5_640","calibration_rgb_uint8_nchw","models\vehicle_yolov8n_x5_640\calibration\calibration_rgb_uint8_nchw\Image_20260331140120204.bin","1228800","f2455af1e3211a918a597fbadc23b659abb090c486b45dbfd329a78af5fcbe58","yes","no","vehicle calibration copied from WSL priority source"
"vehicle_yolov8n_x5_640","calibration_rgb_uint8_nchw","models\vehicle_yolov8n_x5_640\calibration\calibration_rgb_uint8_nchw\Image_20260331140120214.bin","1228800","0e5ac120c0a22b16acd4c7cbdde6041745436546a1d51fd71a622c2bb52c6b70","yes","no","vehicle calibration copied from WSL priority source"
"vehicle_yolov8n_x5_640","calibration_rgb_uint8_nchw","models\vehicle_yolov8n_x5_640\calibration\calibration_rgb_uint8_nchw\Image_20260331140120223.bin","1228800","eb2d7c7e94c39f24c5b20e39d0490de3813c27b73a098893117aeb80b733ffef","yes","no","vehicle calibration copied from WSL priority source"
"vehicle_yolov8n_x5_640","calibration_rgb_uint8_nchw","models\vehicle_yolov8n_x5_640\calibration\calibration_rgb_uint8_nchw\Image_20260331140120232.bin","1228800","dd3bd300c7260fc8ac725e571015a3be9403cfc48cbfe231e4fa3d04c87f7c29","yes","no","vehicle calibration copied from WSL priority source"
"vehicle_yolov8n_x5_640","calibration_rgb_uint8_nchw","models\vehicle_yolov8n_x5_640\calibration\calibration_rgb_uint8_nchw\Image_20260331140120241.bin","1228800","739dd7a3c1d75890dff40b8be6f8b3fa8ab4ea35203db18d116ba8a1994dd00d","yes","no","vehicle calibration copied from WSL priority source"
"vehicle_yolov8n_x5_640","calibration_rgb_uint8_nchw","models\vehicle_yolov8n_x5_640\calibration\calibration_rgb_uint8_nchw\Image_20260331140120252.bin","1228800","4855efc3756b2f0e5221fab43931d6208bd081597337e94071189983dd2bdb80","yes","no","vehicle calibration copied from WSL priority source"
"vehicle_yolov8n_x5_640","calibration_rgb_uint8_nchw","models\vehicle_yolov8n_x5_640\calibration\calibration_rgb_uint8_nchw\Image_20260331140120261.bin","1228800","8de2f0975ecd9ae9b50c8ba4e1c93f230f903bbea7ed53d479d940d9b9d71177","yes","no","vehicle calibration copied from WSL priority source"
"vehicle_yolov8n_x5_640","calibration_rgb_uint8_nchw","models\vehicle_yolov8n_x5_640\calibration\calibration_rgb_uint8_nchw\Image_20260331140120269.bin","1228800","67e8ab2973229a14b0f51909480d231e1553d1d400bfe171f1ed25d5e9930486","yes","no","vehicle calibration copied from WSL priority source"
"vehicle_yolov8n_x5_640","calibration_rgb_uint8_nchw","models\vehicle_yolov8n_x5_640\calibration\calibration_rgb_uint8_nchw\Image_20260331140120279.bin","1228800","9b1bfc6c13b552d4b392c20cbb8a0c44e5fdaf9c9facabb83849a18754a46d81","yes","no","vehicle calibration copied from WSL priority source"
"vehicle_yolov8n_x5_640","calibration_rgb_uint8_nchw","models\vehicle_yolov8n_x5_640\calibration\calibration_rgb_uint8_nchw\Image_20260331140120288.bin","1228800","47d601aab698a0334784623f5a2154beab0ed7773245fa848bd799008123d299","yes","no","vehicle calibration copied from WSL priority source"
"vehicle_yolov8n_x5_640","calibration_rgb_uint8_nchw","models\vehicle_yolov8n_x5_640\calibration\calibration_rgb_uint8_nchw\Image_20260331140120296.bin","1228800","2b3c842a0691fcd3315d6c0a41fe6e925ca88596ae0b642fad5706b9c65c3d87","yes","no","vehicle calibration copied from WSL priority source"
"vehicle_yolov8n_x5_640","calibration_rgb_uint8_nchw","models\vehicle_yolov8n_x5_640\calibration\calibration_rgb_uint8_nchw\Image_20260331140120305.bin","1228800","45dfa58751afc5f154ac1a99def577d2a227dec3e9d6a36e54095879c662a5bf","yes","no","vehicle calibration copied from WSL priority source"
"vehicle_yolov8n_x5_640","calibration_rgb_uint8_nchw","models\vehicle_yolov8n_x5_640\calibration\calibration_rgb_uint8_nchw\Image_20260331140120314.bin","1228800","1e5a667b2e0bb2c43fac900184dc5edf0d385907ba0a110d2451c09d8a8b23a9","yes","no","vehicle calibration copied from WSL priority source"
"vehicle_yolov8n_x5_640","calibration_rgb_uint8_nchw","models\vehicle_yolov8n_x5_640\calibration\calibration_rgb_uint8_nchw\Image_20260331140120323.bin","1228800","bcfffdb789dd87cc0e7e486defb0a8a5914477dc6566d12001c4b1b07c1eb064","yes","no","vehicle calibration copied from WSL priority source"
"vehicle_yolov8n_x5_640","calibration_rgb_uint8_nchw","models\vehicle_yolov8n_x5_640\calibration\calibration_rgb_uint8_nchw\Image_20260331140120332.bin","1228800","77e99871f4460d8aca3321521c42159fea465bf55e194b15990d3b6f6e5b80fa","yes","no","vehicle calibration copied from WSL priority source"
"vehicle_yolov8n_x5_640","calibration_rgb_uint8_nchw","models\vehicle_yolov8n_x5_640\calibration\calibration_rgb_uint8_nchw\Image_20260331140120340.bin","1228800","21796496c5662ce40f27a6ac253bc490f4a7f7f9ec66291dd3a1d96c55d33558","yes","no","vehicle calibration copied from WSL priority source"
"vehicle_yolov8n_x5_640","calibration_rgb_uint8_nchw","models\vehicle_yolov8n_x5_640\calibration\calibration_rgb_uint8_nchw\Image_20260331140120350.bin","1228800","aae6d710cb762c7b20c841db7b0dc54b4de42206669b7dbc800343bddb644032","yes","no","vehicle calibration copied from WSL priority source"
"vehicle_yolov8n_x5_640","calibration_rgb_uint8_nchw","models\vehicle_yolov8n_x5_640\calibration\calibration_rgb_uint8_nchw\Image_20260331140120359.bin","1228800","7dc035111f439fa9e7a70318a2abc35e1c52158a2d8de015db75d08e9bf8ae84","yes","no","vehicle calibration copied from WSL priority source"
"vehicle_yolov8n_x5_640","calibration_rgb_uint8_nchw","models\vehicle_yolov8n_x5_640\calibration\calibration_rgb_uint8_nchw\Image_20260331140120977.bin","1228800","9d02ed5c716a00fdef2c79c31a4d2e49f161dfab2a4a9bf769c1ef7c7b705333","yes","no","vehicle calibration copied from WSL priority source"
"vehicle_yolov8n_x5_640","calibration_rgb_uint8_nchw","models\vehicle_yolov8n_x5_640\calibration\calibration_rgb_uint8_nchw\Image_20260331140120989.bin","1228800","54c5bbd49e25379dbfbd3cf1c181496eaa3840f77df55c905fc657c6c90b5ee8","yes","no","vehicle calibration copied from WSL priority source"
"vehicle_yolov8n_x5_640","calibration_rgb_uint8_nchw","models\vehicle_yolov8n_x5_640\calibration\calibration_rgb_uint8_nchw\Image_20260331140121000.bin","1228800","6f34814fbbbd3fa7c0f6f095399da4bc17ebbf5b699954fd659ba85fce59f5bb","yes","no","vehicle calibration copied from WSL priority source"
"vehicle_yolov8n_x5_640","calibration_rgb_uint8_nchw","models\vehicle_yolov8n_x5_640\calibration\calibration_rgb_uint8_nchw\Image_20260331140121011.bin","1228800","ce514ff0bf2ebbebad09b3171d229555f4d399d443a785373749c8491826708a","yes","no","vehicle calibration copied from WSL priority source"
"vehicle_yolov8n_x5_640","calibration_rgb_uint8_nchw","models\vehicle_yolov8n_x5_640\calibration\calibration_rgb_uint8_nchw\Image_20260331140121020.bin","1228800","2404d6146734603d8e0c7e13df33e1079f26b02f6bcdd3b5c0c44cf50614b711","yes","no","vehicle calibration copied from WSL priority source"
"vehicle_yolov8n_x5_640","calibration_rgb_uint8_nchw","models\vehicle_yolov8n_x5_640\calibration\calibration_rgb_uint8_nchw\Image_20260331140121030.bin","1228800","90c269e7c8f81d54d41e7f999ca26c09ca5f6ef32b1d754b34455d9844eb0318","yes","no","vehicle calibration copied from WSL priority source"
"vehicle_yolov8n_x5_640","calibration_rgb_uint8_nchw","models\vehicle_yolov8n_x5_640\calibration\calibration_rgb_uint8_nchw\Image_20260331140121042.bin","1228800","586e1677039d744112651ea436ae648f3180cbfcd6dce636f1b06999614be099","yes","no","vehicle calibration copied from WSL priority source"
"vehicle_yolov8n_x5_640","calibration_rgb_uint8_nchw","models\vehicle_yolov8n_x5_640\calibration\calibration_rgb_uint8_nchw\Image_20260331140121052.bin","1228800","99e22df15cf9b196bcb22ce94d6b0d5ec2adcd52dd2c38487dd2991ad7cdda8a","yes","no","vehicle calibration copied from WSL priority source"
"vehicle_yolov8n_x5_640","calibration_rgb_uint8_nchw","models\vehicle_yolov8n_x5_640\calibration\calibration_rgb_uint8_nchw\Image_20260331140121062.bin","1228800","8ea8f4c066a8585352a693313cc9fe43575c338858fa542440a932a1631d6e2f","yes","no","vehicle calibration copied from WSL priority source"
"vehicle_yolov8n_x5_640","calibration_rgb_uint8_nchw","models\vehicle_yolov8n_x5_640\calibration\calibration_rgb_uint8_nchw\Image_20260331140121070.bin","1228800","06f588802547806844699088eaac32dd5a64315c1cbaeda9cbb093ce634cfa7f","yes","no","vehicle calibration copied from WSL priority source"
"vehicle_yolov8n_x5_640","calibration_rgb_uint8_nchw","models\vehicle_yolov8n_x5_640\calibration\calibration_rgb_uint8_nchw\Image_20260331140121081.bin","1228800","0276dbcd16de9a272649ce520e0f54a7188180fdaad77208988d1a3ee64bfa0a","yes","no","vehicle calibration copied from WSL priority source"
"vehicle_yolov8n_x5_640","calibration_rgb_uint8_nchw","models\vehicle_yolov8n_x5_640\calibration\calibration_rgb_uint8_nchw\Image_20260331140121092.bin","1228800","dfde0846aa84530e13a21ac0506477d333603b9f3370c39994e5bd69cf957876","yes","no","vehicle calibration copied from WSL priority source"
"vehicle_yolov8n_x5_640","calibration_rgb_uint8_nchw","models\vehicle_yolov8n_x5_640\calibration\calibration_rgb_uint8_nchw\Image_20260331140121101.bin","1228800","fcc281f3c37d209fbdef5c67abaefa4c407a4f591d2a74789edc0725a59b5c98","yes","no","vehicle calibration copied from WSL priority source"
"vehicle_yolov8n_x5_640","calibration_rgb_uint8_nchw","models\vehicle_yolov8n_x5_640\calibration\calibration_rgb_uint8_nchw\Image_20260331140121113.bin","1228800","78c883de268598c9a5b952bc2286aafefc1c8ddcb03366deac72ccd8779eee47","yes","no","vehicle calibration copied from WSL priority source"
"vehicle_yolov8n_x5_640","calibration_rgb_uint8_nchw","models\vehicle_yolov8n_x5_640\calibration\calibration_rgb_uint8_nchw\Image_20260331140121121.bin","1228800","11e4f26ff7a27a7db3f3f484562498f8aad6c235e2114db63e1b787a651cd423","yes","no","vehicle calibration copied from WSL priority source"
"vehicle_yolov8n_x5_640","calibration_rgb_uint8_nchw","models\vehicle_yolov8n_x5_640\calibration\calibration_rgb_uint8_nchw\Image_20260331140121129.bin","1228800","1533afe1666c6c2311150f1859fb42ac4fb19e0ebbe325bbf26e65f0e00b2657","yes","no","vehicle calibration copied from WSL priority source"
"vehicle_yolov8n_x5_640","calibration_rgb_uint8_nchw","models\vehicle_yolov8n_x5_640\calibration\calibration_rgb_uint8_nchw\Image_20260331140121140.bin","1228800","56ff22483a63d734c9b05c30dcb6c3c3e260d2531819e035fcbc282b676164a2","yes","no","vehicle calibration copied from WSL priority source"
"vehicle_yolov8n_x5_640","calibration_rgb_uint8_nchw","models\vehicle_yolov8n_x5_640\calibration\calibration_rgb_uint8_nchw\Image_20260331140121150.bin","1228800","ebe36b7731ddb2e0f8b08f21826b8adc63302091a61186bb6352dca2b7e3c112","yes","no","vehicle calibration copied from WSL priority source"
"vehicle_yolov8n_x5_640","calibration_rgb_uint8_nchw","models\vehicle_yolov8n_x5_640\calibration\calibration_rgb_uint8_nchw\Image_20260331140121160.bin","1228800","efa42c17e79cbef1675f74ee5a65ac6f0684bf1855c796f136ef715d75845ea3","yes","no","vehicle calibration copied from WSL priority source"
"vehicle_yolov8n_x5_640","calibration_rgb_uint8_nchw","models\vehicle_yolov8n_x5_640\calibration\calibration_rgb_uint8_nchw\Image_20260331140121173.bin","1228800","9d23ea9bce09c52dddaafd1263cfd8ae467578b79981452893bcf35eab827d8e","yes","no","vehicle calibration copied from WSL priority source"
"vehicle_yolov8n_x5_640","calibration_rgb_uint8_nchw","models\vehicle_yolov8n_x5_640\calibration\calibration_rgb_uint8_nchw\Image_20260331140121184.bin","1228800","a404b619c6e28250613a7075850b55d57601cd9c111f9adee6856d379f664b00","yes","no","vehicle calibration copied from WSL priority source"
"vehicle_yolov8n_x5_640","calibration_rgb_uint8_nchw","models\vehicle_yolov8n_x5_640\calibration\calibration_rgb_uint8_nchw\Image_20260331140121194.bin","1228800","9d2bda4c86a35eb100b23554a13a3779a53744195637de71074a2457e85780ff","yes","no","vehicle calibration copied from WSL priority source"
"vehicle_yolov8n_x5_640","calibration_rgb_uint8_nchw","models\vehicle_yolov8n_x5_640\calibration\calibration_rgb_uint8_nchw\Image_20260331140121203.bin","1228800","6965f90c64f875a607a047cee62702879d5b0edde93d75b960a2d124d2660241","yes","no","vehicle calibration copied from WSL priority source"
"vehicle_yolov8n_x5_640","calibration_rgb_uint8_nchw","models\vehicle_yolov8n_x5_640\calibration\calibration_rgb_uint8_nchw\Image_20260331140121212.bin","1228800","b0b6c32d6f41dacff18a783d678c29d8f2945f5b581f9585917184ea440bb989","yes","no","vehicle calibration copied from WSL priority source"
"vehicle_yolov8n_x5_640","calibration_rgb_uint8_nchw","models\vehicle_yolov8n_x5_640\calibration\calibration_rgb_uint8_nchw\Image_20260331140121221.bin","1228800","e7d2f411fd66a4c941a89e8ec9bd1b6208772c95165ce1457c978546e07eefed","yes","no","vehicle calibration copied from WSL priority source"
"vehicle_yolov8n_x5_640","calibration_rgb_uint8_nchw","models\vehicle_yolov8n_x5_640\calibration\calibration_rgb_uint8_nchw\Image_20260331140121230.bin","1228800","83065bfa5b46534ca38405ef0d55d9b3481cc87608480015dbcd5566b2209d02","yes","no","vehicle calibration copied from WSL priority source"
"vehicle_yolov8n_x5_640","calibration_rgb_uint8_nchw","models\vehicle_yolov8n_x5_640\calibration\calibration_rgb_uint8_nchw\Image_20260331140121241.bin","1228800","430f110a7c6a0a59196e10194480ac13ed3ebdd83ae430dccdd35f59d010fe8c","yes","no","vehicle calibration copied from WSL priority source"
"vehicle_yolov8n_x5_640","calibration_rgb_uint8_nchw","models\vehicle_yolov8n_x5_640\calibration\calibration_rgb_uint8_nchw\Image_20260331140121251.bin","1228800","7e7d9631906cf43889cec163d40456bf5609d01c2d901c3b3b070e59ec8ad34d","yes","no","vehicle calibration copied from WSL priority source"
"vehicle_yolov8n_x5_640","calibration_rgb_uint8_nchw","models\vehicle_yolov8n_x5_640\calibration\calibration_rgb_uint8_nchw\Image_20260331140121259.bin","1228800","0ad1fe38f2f02b3c4e20b789a041660bd749d3522d7d857c6b93ec04eb93431f","yes","no","vehicle calibration copied from WSL priority source"
"vehicle_yolov8n_x5_640","calibration_rgb_uint8_nchw","models\vehicle_yolov8n_x5_640\calibration\calibration_rgb_uint8_nchw\Image_20260331140121268.bin","1228800","6884c127d290a7951678e69fd9a56eff5971ec36dc64cbca923abf52b27dddff","yes","no","vehicle calibration copied from WSL priority source"
"vehicle_yolov8n_x5_640","calibration_rgb_uint8_nchw","models\vehicle_yolov8n_x5_640\calibration\calibration_rgb_uint8_nchw\Image_20260331140121279.bin","1228800","76dab56c720642adcadf8a09d70b265d05bb7e88dfe97ab794bf4642c472e9fd","yes","no","vehicle calibration copied from WSL priority source"
"vehicle_yolov8n_x5_640","calibration_rgb_uint8_nchw","models\vehicle_yolov8n_x5_640\calibration\calibration_rgb_uint8_nchw\Image_20260331140121289.bin","1228800","147d801aeb2aa999d0151a787de5cc12d39a85e9d85e7413905668cc18d1c174","yes","no","vehicle calibration copied from WSL priority source"
"vehicle_yolov8n_x5_640","calibration_rgb_uint8_nchw","models\vehicle_yolov8n_x5_640\calibration\calibration_rgb_uint8_nchw\Image_20260331140121298.bin","1228800","69729111c6d2a5b5f107669a45679229d89db12af44a699cafa6afae8a0ac819","yes","no","vehicle calibration copied from WSL priority source"
"vehicle_yolov8n_x5_640","calibration_rgb_uint8_nchw","models\vehicle_yolov8n_x5_640\calibration\calibration_rgb_uint8_nchw\Image_20260331140121307.bin","1228800","4e298001824357b1200239b03b3bea1fc66581e3c07995a6d387465a9dec84d7","yes","no","vehicle calibration copied from WSL priority source"
"vehicle_yolov8n_x5_640","calibration_rgb_uint8_nchw","models\vehicle_yolov8n_x5_640\calibration\calibration_rgb_uint8_nchw\Image_20260331140121318.bin","1228800","c9ec64fcd5dd67321350dedcf50eb94ba3c304c74ef9ae45be8aa31e215d7bf0","yes","no","vehicle calibration copied from WSL priority source"
"vehicle_yolov8n_x5_640","calibration_rgb_uint8_nchw","models\vehicle_yolov8n_x5_640\calibration\calibration_rgb_uint8_nchw\Image_20260331140121328.bin","1228800","b8a0250363db47db724e56ffcf627ac1859050af8d5d650f18695af766e5cb64","yes","no","vehicle calibration copied from WSL priority source"
"vehicle_yolov8n_x5_640","calibration_rgb_uint8_nchw","models\vehicle_yolov8n_x5_640\calibration\calibration_rgb_uint8_nchw\Image_20260331140121336.bin","1228800","356122cb9f249213034866c7577de5293c3d1bfe1d083934a6216da787586c4b","yes","no","vehicle calibration copied from WSL priority source"
"vehicle_yolov8n_x5_640","calibration_rgb_uint8_nchw","models\vehicle_yolov8n_x5_640\calibration\calibration_rgb_uint8_nchw\Image_20260331140121348.bin","1228800","8c3a010f60c929ea1693831f3ff6f0bfab8dbbef5419b4c2c0b386b93893fc13","yes","no","vehicle calibration copied from WSL priority source"
"vehicle_yolov8n_x5_640","calibration_rgb_uint8_nchw","models\vehicle_yolov8n_x5_640\calibration\calibration_rgb_uint8_nchw\Image_20260331140121358.bin","1228800","e73805ccf23aea815455ac38ce6bb8934b55c3c710dc941c8f023f0b39e76662","yes","no","vehicle calibration copied from WSL priority source"
"vehicle_yolov8n_x5_640","calibration_rgb_uint8_nchw","models\vehicle_yolov8n_x5_640\calibration\calibration_rgb_uint8_nchw\Image_20260331140121369.bin","1228800","dc76f6012b5bcba420d273eb2e8e100e152df605633b7bb89b3b544ad9d83a7a","yes","no","vehicle calibration copied from WSL priority source"
"vehicle_yolov8n_x5_640","calibration_rgb_uint8_nchw","models\vehicle_yolov8n_x5_640\calibration\calibration_rgb_uint8_nchw\Image_20260331140121379.bin","1228800","a68ced359140a5f09584056fd3c8763bfc3bdb25062f194b88881d65e2da4c08","yes","no","vehicle calibration copied from WSL priority source"
"vehicle_yolov8n_x5_640","calibration_rgb_uint8_nchw","models\vehicle_yolov8n_x5_640\calibration\calibration_rgb_uint8_nchw\Image_20260331140121390.bin","1228800","1142ce56fe8df369eeabe70a23cd8ddf9d900eff511b82abeb4f8f87ac00de26","yes","no","vehicle calibration copied from WSL priority source"
"vehicle_yolov8n_x5_640","calibration_rgb_uint8_nchw","models\vehicle_yolov8n_x5_640\calibration\calibration_rgb_uint8_nchw\Image_20260331140121401.bin","1228800","69e87b3b8e8f6fe3f1cde9f88219332f1b5eddf76479e419533806ee6495e670","yes","no","vehicle calibration copied from WSL priority source"
"vehicle_yolov8n_x5_640","calibration_rgb_uint8_nchw","models\vehicle_yolov8n_x5_640\calibration\calibration_rgb_uint8_nchw\Image_20260331140121410.bin","1228800","1c351cea364f8ce93773d8b57bd94dc0b8ec74a0d3c57e432fa0e6e80e9afe25","yes","no","vehicle calibration copied from WSL priority source"
"vehicle_yolov8n_x5_640","calibration_rgb_uint8_nchw","models\vehicle_yolov8n_x5_640\calibration\calibration_rgb_uint8_nchw\Image_20260331140121420.bin","1228800","a80d2d48a379959faea7ab3da2266afd160d890fbe6873408d46e2f29ce6c253","yes","no","vehicle calibration copied from WSL priority source"
"vehicle_yolov8n_x5_640","calibration_rgb_uint8_nchw","models\vehicle_yolov8n_x5_640\calibration\calibration_rgb_uint8_nchw\Image_20260331140121429.bin","1228800","6f35b22a5c67475e39faaf58e259b8d1b64401ae39e4cb9829371529873fe71a","yes","no","vehicle calibration copied from WSL priority source"
"vehicle_yolov8n_x5_640","calibration_rgb_uint8_nchw","models\vehicle_yolov8n_x5_640\calibration\calibration_rgb_uint8_nchw\Image_20260331140121438.bin","1228800","fbbd043981b740a026d749404c19bbf5c5cd5b055695b84790fac46ea5229bd7","yes","no","vehicle calibration copied from WSL priority source"
"vehicle_yolov8n_x5_640","calibration_rgb_uint8_nchw","models\vehicle_yolov8n_x5_640\calibration\calibration_rgb_uint8_nchw\Image_20260331140121447.bin","1228800","24ae6f014854094e6cbfc03a710fb3b6dd8996d1998446aed5073f594ff14afc","yes","no","vehicle calibration copied from WSL priority source"
"vehicle_yolov8n_x5_640","calibration_rgb_uint8_nchw","models\vehicle_yolov8n_x5_640\calibration\calibration_rgb_uint8_nchw\Image_20260331140121457.bin","1228800","5e09111b876d4943cd4c4b6c95146d6fd2207da337524990d5dd1d04daa57e45","yes","no","vehicle calibration copied from WSL priority source"
"vehicle_yolov8n_x5_640","calibration_rgb_uint8_nchw","models\vehicle_yolov8n_x5_640\calibration\calibration_rgb_uint8_nchw\Image_20260331140121466.bin","1228800","38b959c6e70157149eaa64f5b0261e747a6b3f9002e0d15437999b8ab8436246","yes","no","vehicle calibration copied from WSL priority source"
"vehicle_yolov8n_x5_640","calibration_rgb_uint8_nchw","models\vehicle_yolov8n_x5_640\calibration\calibration_rgb_uint8_nchw\Image_20260331140121476.bin","1228800","b093ba6812d38c6d6845ab873fd646908fb7f198c9cb61fb545ee9d31a7f2b70","yes","no","vehicle calibration copied from WSL priority source"
"vehicle_yolov8n_x5_640","calibration_rgb_uint8_nchw","models\vehicle_yolov8n_x5_640\calibration\calibration_rgb_uint8_nchw\Image_20260331140121486.bin","1228800","6757a1572eb17cbb8d47c1c3200cc091d4c0c0a06faee1b2d695b909bdc91298","yes","no","vehicle calibration copied from WSL priority source"
"vehicle_yolov8n_x5_640","calibration_rgb_uint8_nchw","models\vehicle_yolov8n_x5_640\calibration\calibration_rgb_uint8_nchw\Image_20260331140121495.bin","1228800","4865456c13269dd5beb9a2cf7e484bbd0c09e25a6843a1f2d5e20ce91071406f","yes","no","vehicle calibration copied from WSL priority source"
"vehicle_yolov8n_x5_640","calibration_rgb_uint8_nchw","models\vehicle_yolov8n_x5_640\calibration\calibration_rgb_uint8_nchw\Image_20260331140121504.bin","1228800","084ab7793fd5fca57be9346022184b1981bc4fb7705d34279665109ee5e0f37f","yes","no","vehicle calibration copied from WSL priority source"
"vehicle_yolov8n_x5_640","calibration_rgb_uint8_nchw","models\vehicle_yolov8n_x5_640\calibration\calibration_rgb_uint8_nchw\Image_20260331140121515.bin","1228800","6e45b836020ae21b0ed5281c5a74d260fbd84297b23ab8d903fc259d28968861","yes","no","vehicle calibration copied from WSL priority source"
"vehicle_yolov8n_x5_640","calibration_rgb_uint8_nchw","models\vehicle_yolov8n_x5_640\calibration\calibration_rgb_uint8_nchw\Image_20260331140125668.bin","1228800","8eb2e780df3b9279726a8e5214a669b71cafc28933317237ce3ea0ef44360f47","yes","no","vehicle calibration copied from WSL priority source"
"vehicle_yolov8n_x5_640","calibration_rgb_uint8_nchw","models\vehicle_yolov8n_x5_640\calibration\calibration_rgb_uint8_nchw\Image_20260331140125679.bin","1228800","1e05ca916416f75c9e555b3a1ec1590fc007fc445d5f01ccbb7f2b7923bf2426","yes","no","vehicle calibration copied from WSL priority source"
"vehicle_yolov8n_x5_640","calibration_rgb_uint8_nchw","models\vehicle_yolov8n_x5_640\calibration\calibration_rgb_uint8_nchw\Image_20260331140125689.bin","1228800","ee2c7c95dc0b9abd4308555338ccc398cc8f7d0da85055ca4b4e976aac2a8f83","yes","no","vehicle calibration copied from WSL priority source"
"vehicle_yolov8n_x5_640","calibration_rgb_uint8_nchw","models\vehicle_yolov8n_x5_640\calibration\calibration_rgb_uint8_nchw\Image_20260331140125700.bin","1228800","7caa5578fe6eb33552ca0d7cc8fb720e44fa9be45a196a7a96b3fa0a0088ff52","yes","no","vehicle calibration copied from WSL priority source"
"vehicle_yolov8n_x5_640","calibration_rgb_uint8_nchw","models\vehicle_yolov8n_x5_640\calibration\calibration_rgb_uint8_nchw\Image_20260331140129737.bin","1228800","6f63b4b5245a57083bb35020bd7dee47f28f845eb0b72dd954a087e959ec22c8","yes","no","vehicle calibration copied from WSL priority source"
"vehicle_yolov8n_x5_640","calibration_rgb_uint8_nchw","models\vehicle_yolov8n_x5_640\calibration\calibration_rgb_uint8_nchw\Image_20260331140129747.bin","1228800","b43c17264bfe3f954e53b1437ccac688d647de1078a55a7a48f079d47ed89796","yes","no","vehicle calibration copied from WSL priority source"
"vehicle_yolov8n_x5_640","calibration_rgb_uint8_nchw","models\vehicle_yolov8n_x5_640\calibration\calibration_rgb_uint8_nchw\Image_20260331140129757.bin","1228800","56a6ec1d5c122e33991323c490b5267359fb0dc7363e353ea92afb4d9fe297c3","yes","no","vehicle calibration copied from WSL priority source"
"vehicle_yolov8n_x5_640","calibration_rgb_uint8_nchw","models\vehicle_yolov8n_x5_640\calibration\calibration_rgb_uint8_nchw\Image_20260331140129765.bin","1228800","75d3eac852b8e72fef751be958ff0415799a5cac72b4be5bac8210119782a553","yes","no","vehicle calibration copied from WSL priority source"
"vehicle_yolov8n_x5_640","calibration_rgb_uint8_nchw","models\vehicle_yolov8n_x5_640\calibration\calibration_rgb_uint8_nchw\Image_20260331140129775.bin","1228800","0ac9d8ed53d5405a2dcb47030cfae04959f8e301190d56bbf1204ac8cbc61d6e","yes","no","vehicle calibration copied from WSL priority source"
"vehicle_yolov8n_x5_640","calibration_rgb_uint8_nchw","models\vehicle_yolov8n_x5_640\calibration\calibration_rgb_uint8_nchw\Image_20260331140129785.bin","1228800","8c9a120d664115fed719d7fa6e847075e3809d3cbac467d76afe23a43c3d63a5","yes","no","vehicle calibration copied from WSL priority source"
"vehicle_yolov8n_x5_640","calibration_rgb_uint8_nchw","models\vehicle_yolov8n_x5_640\calibration\calibration_rgb_uint8_nchw\Image_20260331140129795.bin","1228800","ca05bbf48d0351bb0958c0f06304f0b94e40cd44802799c86510b7f2fcafd278","yes","no","vehicle calibration copied from WSL priority source"
"vehicle_yolov8n_x5_640","calibration_rgb_uint8_nchw","models\vehicle_yolov8n_x5_640\calibration\calibration_rgb_uint8_nchw\Image_20260331140129805.bin","1228800","0782f6e2cea498c1b7288a436293e2407dc93ae29cb04e83b1282dcc63542e36","yes","no","vehicle calibration copied from WSL priority source"
"vehicle_yolov8n_x5_640","calibration_rgb_uint8_nchw","models\vehicle_yolov8n_x5_640\calibration\calibration_rgb_uint8_nchw\Image_20260331140129816.bin","1228800","31f329abbcddd981b53c985ac2f7d659e68b063a37f2bc85e2a9ff64e32db04f","yes","no","vehicle calibration copied from WSL priority source"
"vehicle_yolov8n_x5_640","calibration_rgb_uint8_nchw","models\vehicle_yolov8n_x5_640\calibration\calibration_rgb_uint8_nchw\Image_20260331140129826.bin","1228800","90cace83990c05875930f05003847823122f9147913a504afe08f84080d72b1e","yes","no","vehicle calibration copied from WSL priority source"
"vehicle_yolov8n_x5_640","calibration_rgb_uint8_nchw","models\vehicle_yolov8n_x5_640\calibration\calibration_rgb_uint8_nchw\Image_20260331140129836.bin","1228800","569f130629f66bc7bb5a6a74b3ca1a3db254a7a5c52211b0f98df7ff1c1d5191","yes","no","vehicle calibration copied from WSL priority source"
"vehicle_yolov8n_x5_640","calibration_rgb_uint8_nchw","models\vehicle_yolov8n_x5_640\calibration\calibration_rgb_uint8_nchw\Image_20260331140129846.bin","1228800","9013c5b06ad2029932897d9babd3b758130733fccee92bc8ca6764f8f137ff0f","yes","no","vehicle calibration copied from WSL priority source"
"vehicle_yolov8n_x5_640","calibration_rgb_uint8_nchw","models\vehicle_yolov8n_x5_640\calibration\calibration_rgb_uint8_nchw\Image_20260331140129857.bin","1228800","45fff828541d893ad3915c24171f71c3e1f9427edee85802cfd6dbdc0964566e","yes","no","vehicle calibration copied from WSL priority source"
